アイヲシルナゴヤ,http://db.netkeiba.com/horse/2016106195/
アイアイエンデバー,http://db.netkeiba.com/horse/2009104863/
アイアイハッピー,http://db.netkeiba.com/horse/2014106362/
アイアイヨークン,http://db.netkeiba.com/horse/2013102749/
アイアムキャツアイ,http://db.netkeiba.com/horse/2014101537/
アイアムサファイア,http://db.netkeiba.com/horse/2015103570/
アイアムジュピター,http://db.netkeiba.com/horse/2004103105/
アイアムナチュラル,http://db.netkeiba.com/horse/2011104139/
アイアムノーブル,http://db.netkeiba.com/horse/2014103790/
アイアムヒメ,http://db.netkeiba.com/horse/2015103343/
アイアムビューティ,http://db.netkeiba.com/horse/2014101538/
アイアムヒラケゴマ,http://db.netkeiba.com/horse/2013105342/
アイアムプレシャス,http://db.netkeiba.com/horse/2013105339/
アイアンオオナミ,http://db.netkeiba.com/horse/2015102536/
アイアンギブソン,http://db.netkeiba.com/horse/2013102284/
アイアンクロー,http://db.netkeiba.com/horse/2015105188/
アイアンテーラー,http://db.netkeiba.com/horse/2014100628/
アイアンドーム,http://db.netkeiba.com/horse/2013102291/
アイアンナッツ,http://db.netkeiba.com/horse/2015102535/
アイアンハート,http://db.netkeiba.com/horse/2014100039/
アイアンヒナマツリ,http://db.netkeiba.com/horse/2014101072/
アイアンヒロイン,http://db.netkeiba.com/horse/2013110069/
アイアンブルー,http://db.netkeiba.com/horse/2014103429/
アイアンマン,http://db.netkeiba.com/horse/2013102598/
アイヴァンクール,http://db.netkeiba.com/horse/2010103332/
アイウェア,http://db.netkeiba.com/horse/2013102257/
アイオシルケン,http://db.netkeiba.com/horse/2012103426/
アイガウマレタヒ,http://db.netkeiba.com/horse/2011103714/
アイガーベルン,http://db.netkeiba.com/horse/2014103516/
アイキャスト,http://db.netkeiba.com/horse/2011100661/
アイキャッチング,http://db.netkeiba.com/horse/2015102838/
アイキャンテーラー,http://db.netkeiba.com/horse/2016100638/
アイキャンフライ,http://db.netkeiba.com/horse/2015110081/
アイケービューティ,http://db.netkeiba.com/horse/2012105202/
アイコマシルバー,http://db.netkeiba.com/horse/1994104319/
アイコンタクト,http://db.netkeiba.com/horse/1991100751/
アイサイティアラ,http://db.netkeiba.com/horse/2010101458/
アイサイポプリ,http://db.netkeiba.com/horse/2011101268/
アイサンクダディー,http://db.netkeiba.com/horse/2015102990/
アイジョウイッパイ,http://db.netkeiba.com/horse/2010109241/
アイスキューブ,http://db.netkeiba.com/horse/2015101324/
アイスグレー,http://db.netkeiba.com/horse/2014100834/
アイスコールド,http://db.netkeiba.com/horse/2013100603/
アイスストーム,http://db.netkeiba.com/horse/2015101636/
アイスバブル,http://db.netkeiba.com/horse/2015104689/
アイスフィヨルド,http://db.netkeiba.com/horse/2015102841/
アイスフェアリー,http://db.netkeiba.com/horse/2015104638/
アイスミディ,http://db.netkeiba.com/horse/2015105480/
アイスレーベン,http://db.netkeiba.com/horse/2013102019/
アイヅヒリュウ,http://db.netkeiba.com/horse/2014104512/
アイヅラブリー,http://db.netkeiba.com/horse/2011100691/
アイティプリンセス,http://db.netkeiba.com/horse/1997103928/
アイティルビー,http://db.netkeiba.com/horse/2011104593/
アイティワイルド,http://db.netkeiba.com/horse/2012100359/
アイディンラヴ,http://db.netkeiba.com/horse/2011102660/
アイデンティティー,http://db.netkeiba.com/horse/2012100702/
アイトマコト,http://db.netkeiba.com/horse/2016100619/
アイトラッキング,http://db.netkeiba.com/horse/2013105564/
アイドリームド,http://db.netkeiba.com/horse/2011100682/
アイドルママ,http://db.netkeiba.com/horse/2014104714/
アイトーン,http://db.netkeiba.com/horse/2015100513/
アイネバーフェイル,http://db.netkeiba.com/horse/2015105932/
アイノカケハシ,http://db.netkeiba.com/horse/2012104336/
アイノシルシ,http://db.netkeiba.com/horse/2013100767/
アイノテクニシャン,http://db.netkeiba.com/horse/2014104617/
アイノトウシューズ,http://db.netkeiba.com/horse/2013101574/
アイピーアカリ,http://db.netkeiba.com/horse/2014101265/
アイビーグラチア,http://db.netkeiba.com/horse/2014102498/
アイファーアイドル,http://db.netkeiba.com/horse/2015102335/
アイファーアップル,http://db.netkeiba.com/horse/2015102344/
アイファーアトラス,http://db.netkeiba.com/horse/2008102303/
アイファーアピール,http://db.netkeiba.com/horse/2015105734/
アイファーアラート,http://db.netkeiba.com/horse/2014106338/
アイファーイチオー,http://db.netkeiba.com/horse/2014104563/
アイファーウタオー,http://db.netkeiba.com/horse/2013104285/
アイファーヴリル,http://db.netkeiba.com/horse/2013104655/
アイファーエーワン,http://db.netkeiba.com/horse/2015106044/
アイファークッキー,http://db.netkeiba.com/horse/2014104561/
アイファーグリーン,http://db.netkeiba.com/horse/2013101067/
アイファーサフラン,http://db.netkeiba.com/horse/2014104201/
アイファーサンディ,http://db.netkeiba.com/horse/2012103348/
アイファージュリア,http://db.netkeiba.com/horse/2015105732/
アイファーショコラ,http://db.netkeiba.com/horse/2014104930/
アイファータキオン,http://db.netkeiba.com/horse/2014104562/
アイファータレント,http://db.netkeiba.com/horse/2014104927/
アイファーチェリー,http://db.netkeiba.com/horse/2013104283/
アイファーチェンジ,http://db.netkeiba.com/horse/2014104926/
アイファートニオー,http://db.netkeiba.com/horse/2015106331/
アイファードン,http://db.netkeiba.com/horse/2013104295/
アイファーパレード,http://db.netkeiba.com/horse/2015106481/
アイファーハート,http://db.netkeiba.com/horse/2012106365/
アイファーヒナタ,http://db.netkeiba.com/horse/2015105331/
アイファーヒロイン,http://db.netkeiba.com/horse/2014104564/
アイファーファーレ,http://db.netkeiba.com/horse/2016106117/
アイファーフォルテ,http://db.netkeiba.com/horse/2015103261/
アイファーフドオー,http://db.netkeiba.com/horse/2014100143/
アイファーフライト,http://db.netkeiba.com/horse/2015105743/
アイファーブリッジ,http://db.netkeiba.com/horse/2016101109/
アイファープリティ,http://db.netkeiba.com/horse/2013101358/
アイファーブレーヴ,http://db.netkeiba.com/horse/2015106042/
アイファーマグオー,http://db.netkeiba.com/horse/2012103352/
アイファーメリッサ,http://db.netkeiba.com/horse/2013104286/
アイファーメンバー,http://db.netkeiba.com/horse/2016102048/
アイファーリスナー,http://db.netkeiba.com/horse/2013104651/
アイファーロマンス,http://db.netkeiba.com/horse/2015105733/
アイフィルプリティ,http://db.netkeiba.com/horse/2014100298/
アイペイリッチマン,http://db.netkeiba.com/horse/2015101968/
アイムウィッシング,http://db.netkeiba.com/horse/2013101925/
アイムソーハッピー,http://db.netkeiba.com/horse/2015101811/
アイムホーム,http://db.netkeiba.com/horse/2015103551/
アイモウスト,http://db.netkeiba.com/horse/2014104549/
アイライン,http://db.netkeiba.com/horse/2012100048/
アイラヴキャンディ,http://db.netkeiba.com/horse/2007101823/
アイラブテーラー,http://db.netkeiba.com/horse/2016102044/
アイラブトントン,http://db.netkeiba.com/horse/2015100876/
アイランドクイーン,http://db.netkeiba.com/horse/2015104636/
アイランドノア,http://db.netkeiba.com/horse/2014103565/
アイリスト,http://db.netkeiba.com/horse/2015106145/
アイリスロード,http://db.netkeiba.com/horse/2015101852/
アイリッシュクライ,http://db.netkeiba.com/horse/2015104274/
アイリッシュハート,http://db.netkeiba.com/horse/2015105672/
アイリッシュハープ,http://db.netkeiba.com/horse/2011103591/
アイリュミエール,http://db.netkeiba.com/horse/2014102631/
アイリーグレイ,http://db.netkeiba.com/horse/2012103729/
アイリーデイ,http://db.netkeiba.com/horse/2015100947/
アイルオブワンダー,http://db.netkeiba.com/horse/2012103905/
アイルグレイス,http://db.netkeiba.com/horse/2015100749/
アイルーロス,http://db.netkeiba.com/horse/2013109076/
アイワナシーユー,http://db.netkeiba.com/horse/2015105115/
アインザッツ,http://db.netkeiba.com/horse/2013106043/
アインツェルカンプ,http://db.netkeiba.com/horse/2015105402/
アウアウ,http://db.netkeiba.com/horse/2013100819/
アヴァランチ,http://db.netkeiba.com/horse/2015103775/
アヴァリエ,http://db.netkeiba.com/horse/2011102335/
アヴァレソー,http://db.netkeiba.com/horse/2015103332/
アヴァント,http://db.netkeiba.com/horse/2014105910/
アヴァール,http://db.netkeiba.com/horse/2011103486/
アヴィドウィナー,http://db.netkeiba.com/horse/2015102269/
アウェイク,http://db.netkeiba.com/horse/2013105820/
アヴェーヌモン,http://db.netkeiba.com/horse/2012110080/
アウォーディー,http://db.netkeiba.com/horse/2010110078/
アヴォーリオ,http://db.netkeiba.com/horse/2015106005/
アウゲンパワー,http://db.netkeiba.com/horse/2012105968/
アウズ,http://db.netkeiba.com/horse/2013101338/
アウステルリッツ,http://db.netkeiba.com/horse/2014106164/
アウターバンクス,http://db.netkeiba.com/horse/2010104097/
アウデンティア,http://db.netkeiba.com/horse/2015103537/
アウトザブルー,http://db.netkeiba.com/horse/2015105633/
アウトスタンディン,http://db.netkeiba.com/horse/2015100121/
アウトバースト,http://db.netkeiba.com/horse/2013105499/
アウトバーン,http://db.netkeiba.com/horse/2015105736/
アウトライアーズ,http://db.netkeiba.com/horse/2014105825/
アウトリガーカヌー,http://db.netkeiba.com/horse/2014102035/
アウトレイジャス,http://db.netkeiba.com/horse/2014100126/
アヴニールマルシェ,http://db.netkeiba.com/horse/2012104552/
アウヤンテプイ,http://db.netkeiba.com/horse/2009105435/
アウラグリーン,http://db.netkeiba.com/horse/2011106316/
アウラマイスター,http://db.netkeiba.com/horse/2014101062/
アウリイラニレフア,http://db.netkeiba.com/horse/2015105994/
アウルム,http://db.netkeiba.com/horse/2009102015/
アエノヴァレンチノ,http://db.netkeiba.com/horse/2012105374/
アエノカルティエ,http://db.netkeiba.com/horse/2011105868/
アエノゴウケン,http://db.netkeiba.com/horse/2013101576/
アエノライアン,http://db.netkeiba.com/horse/2015103174/
アエノロベルタ,http://db.netkeiba.com/horse/2014103327/
アエノローレンス,http://db.netkeiba.com/horse/2015103546/
アエノワールド,http://db.netkeiba.com/horse/2014103118/
アエラス,http://db.netkeiba.com/horse/2015104341/
アエロトラン,http://db.netkeiba.com/horse/2013101997/
アエロリット,http://db.netkeiba.com/horse/2014105785/
アオアクア,http://db.netkeiba.com/horse/2013102870/
アオアラシ,http://db.netkeiba.com/horse/2014101569/
アオイオンリーワン,http://db.netkeiba.com/horse/2012104242/
アオイキキョウ,http://db.netkeiba.com/horse/2014102637/
アオイサンシャイン,http://db.netkeiba.com/horse/2013105547/
アオイサンライズ,http://db.netkeiba.com/horse/2014102682/
アオイシャーク,http://db.netkeiba.com/horse/2015103114/
アオイシンゴ,http://db.netkeiba.com/horse/2014105531/
アオイスカーレット,http://db.netkeiba.com/horse/2014102676/
アオイソラ,http://db.netkeiba.com/horse/2013103665/
アオイチャン,http://db.netkeiba.com/horse/2015106209/
アオイテソーロ,http://db.netkeiba.com/horse/2014106210/
アオイハッピー,http://db.netkeiba.com/horse/2015101713/
アオイプリンス,http://db.netkeiba.com/horse/2013102348/
アオイプリンセス,http://db.netkeiba.com/horse/2013104960/
アオイリョウマ,http://db.netkeiba.com/horse/2015104373/
アオジャシン,http://db.netkeiba.com/horse/2012101389/
アオスタ,http://db.netkeiba.com/horse/2014101235/
アオゾラヒトリキリ,http://db.netkeiba.com/horse/2015105535/
アオテン,http://db.netkeiba.com/horse/2013102025/
アオテンジョウ,http://db.netkeiba.com/horse/2014102865/
アオラニ,http://db.netkeiba.com/horse/2015103004/
アオリスト,http://db.netkeiba.com/horse/2013100304/
アカイセンコウ,http://db.netkeiba.com/horse/2013101373/
アカイバラ,http://db.netkeiba.com/horse/1995101055/
アカイブリターン,http://db.netkeiba.com/horse/2015105889/
アカカ,http://db.netkeiba.com/horse/2014102385/
アカギオロシ,http://db.netkeiba.com/horse/2009101999/
アカシャツハル,http://db.netkeiba.com/horse/2010105377/
アガスティア,http://db.netkeiba.com/horse/2011103537/
アガタティアラ,http://db.netkeiba.com/horse/2012100954/
アガタピアス,http://db.netkeiba.com/horse/2014102600/
アカツキジョー,http://db.netkeiba.com/horse/2015102999/
アカツキノカナタ,http://db.netkeiba.com/horse/2015105555/
アカデミア,http://db.netkeiba.com/horse/2013105378/
アカデミックドレス,http://db.netkeiba.com/horse/2011104287/
アカネコントレイル,http://db.netkeiba.com/horse/2015102258/
アカネジョウ,http://db.netkeiba.com/horse/2016105349/
アカネバローロ,http://db.netkeiba.com/horse/2013103250/
アカノジュウハチ,http://db.netkeiba.com/horse/2011104114/
アカリダイヤモンド,http://db.netkeiba.com/horse/2015106080/
アカンタレ,http://db.netkeiba.com/horse/2015102520/
アカンパニスト,http://db.netkeiba.com/horse/2013101609/
アガートラム,http://db.netkeiba.com/horse/2013103650/
アキサミヨー,http://db.netkeiba.com/horse/2014105710/
アキサージュ,http://db.netkeiba.com/horse/2014104704/
アギシャン,http://db.netkeiba.com/horse/2014100736/
アキツシマ,http://db.netkeiba.com/horse/2013102277/
アキトクレッセント,http://db.netkeiba.com/horse/2012104076/
アキトプラズマ,http://db.netkeiba.com/horse/2012104727/
アキノアッパー,http://db.netkeiba.com/horse/2010101534/
アキノクリンチ,http://db.netkeiba.com/horse/2011101389/
アキノライセンス,http://db.netkeiba.com/horse/2010103364/
アキノリーツリー,http://db.netkeiba.com/horse/2014101410/
アキヒメ,http://db.netkeiba.com/horse/2015100350/
アキラノテソーロ,http://db.netkeiba.com/horse/2014103511/
アキレアガール,http://db.netkeiba.com/horse/2015103832/
アクアインモータル,http://db.netkeiba.com/horse/2014100872/
アクアウィズ,http://db.netkeiba.com/horse/2011102496/
アクアヴィーテ,http://db.netkeiba.com/horse/2006100760/
アクアスクリーン,http://db.netkeiba.com/horse/2012100465/
アクアステラ,http://db.netkeiba.com/horse/2013101302/
アクアブルーサニー,http://db.netkeiba.com/horse/2010101658/
アクアマリーナ,http://db.netkeiba.com/horse/2012102613/
アクアリオ,http://db.netkeiba.com/horse/2014105420/
アクアリブラ,http://db.netkeiba.com/horse/2015105103/
アクアレジーナ,http://db.netkeiba.com/horse/2015100994/
アクアレーヌ,http://db.netkeiba.com/horse/2015103462/
アクアローズ,http://db.netkeiba.com/horse/2014101433/
アクイラ,http://db.netkeiba.com/horse/2010100107/
アクションスター,http://db.netkeiba.com/horse/2010104510/
アクションバイオ,http://db.netkeiba.com/horse/2010100093/
アクセラレート,http://db.netkeiba.com/horse/2012103981/
アクセラーバイオ,http://db.netkeiba.com/horse/2013105889/
アクセルスナイパー,http://db.netkeiba.com/horse/2014101012/
アクティフ,http://db.netkeiba.com/horse/2012100870/
アクティブバルド,http://db.netkeiba.com/horse/2013103367/
アクティブパワー,http://db.netkeiba.com/horse/2014102994/
アクティブボス,http://db.netkeiba.com/horse/2012105079/
アクティブミノル,http://db.netkeiba.com/horse/2012103486/
アクティブムーン,http://db.netkeiba.com/horse/2014102672/
アクティベート,http://db.netkeiba.com/horse/2013100384/
アクティーボミノル,http://db.netkeiba.com/horse/2016106235/
アクトレス,http://db.netkeiba.com/horse/2014100292/
アグニシャイン,http://db.netkeiba.com/horse/2014105880/
アグネスアミニソル,http://db.netkeiba.com/horse/2011103257/
アグネスアーニャ,http://db.netkeiba.com/horse/2012104116/
アグネスイヴァン,http://db.netkeiba.com/horse/2012105993/
アグネスウォーズ,http://db.netkeiba.com/horse/2012105422/
アグネスエーデル,http://db.netkeiba.com/horse/2012105842/
アグネスカミング,http://db.netkeiba.com/horse/2013103023/
アグネスクラウン,http://db.netkeiba.com/horse/2000101376/
アグネスコスモス,http://db.netkeiba.com/horse/2010103666/
アグネスザルーツ,http://db.netkeiba.com/horse/2013105352/
アグネススターダム,http://db.netkeiba.com/horse/2013105353/
アグネスソワレ,http://db.netkeiba.com/horse/2013102559/
アグネスハビット,http://db.netkeiba.com/horse/2009105705/
アグネスバロン,http://db.netkeiba.com/horse/2014103793/
アグネスハンサム,http://db.netkeiba.com/horse/1993109221/
アグネスヒテン,http://db.netkeiba.com/horse/2014105380/
アグネスフォルテ,http://db.netkeiba.com/horse/2013103604/
アグネスフォース,http://db.netkeiba.com/horse/2014103794/
アグネスホット,http://db.netkeiba.com/horse/2014103384/
アグネスミニッツ,http://db.netkeiba.com/horse/2011104148/
アグネスユーリヤ,http://db.netkeiba.com/horse/2012104112/
アグネスライオン,http://db.netkeiba.com/horse/2014101035/
アグネスリバティ,http://db.netkeiba.com/horse/2013105355/
アグネスルコリエ,http://db.netkeiba.com/horse/2013103042/
アグネスローヤー,http://db.netkeiba.com/horse/2014105378/
アグネッタ,http://db.netkeiba.com/horse/2013102192/
アクラー,http://db.netkeiba.com/horse/2014101535/
アグリッパーバイオ,http://db.netkeiba.com/horse/2011103940/
アグリツーリスモ,http://db.netkeiba.com/horse/2014100327/
アグリデジタル,http://db.netkeiba.com/horse/2011104848/
アグリナンバーワン,http://db.netkeiba.com/horse/2012105195/
アグリロゼッタ,http://db.netkeiba.com/horse/2013104092/
アクルックス,http://db.netkeiba.com/horse/1990105282/
アグレアーブル,http://db.netkeiba.com/horse/2013106063/
アクロスザシャイン,http://db.netkeiba.com/horse/2014105376/
アクロスユニバース,http://db.netkeiba.com/horse/2014102030/
アクロマティック,http://db.netkeiba.com/horse/2010103267/
アクート,http://db.netkeiba.com/horse/2013105900/
アゲットイモン,http://db.netkeiba.com/horse/2014101870/
アゲマキ,http://db.netkeiba.com/horse/2013104667/
アゲート,http://db.netkeiba.com/horse/2003102435/
アサカディスタンス,http://db.netkeiba.com/horse/2014100165/
アサカバハムート,http://db.netkeiba.com/horse/2011104675/
アサカファルコン,http://db.netkeiba.com/horse/2011104667/
アサカフェリス,http://db.netkeiba.com/horse/2011104680/
アサギリジョー,http://db.netkeiba.com/horse/2014104804/
アサクサイイヤツ,http://db.netkeiba.com/horse/2011104413/
アサクサキンボシ,http://db.netkeiba.com/horse/2012104102/
アサクサゲンキ,http://db.netkeiba.com/horse/2015110032/
アサクサゴールド,http://db.netkeiba.com/horse/2010103687/
アサクササンダー,http://db.netkeiba.com/horse/2013105433/
アサクサジャック,http://db.netkeiba.com/horse/2013105671/
アサクサスターズ,http://db.netkeiba.com/horse/2011104461/
アサクサスポット,http://db.netkeiba.com/horse/1989107021/
アサクサセーラ,http://db.netkeiba.com/horse/2013104997/
アサクサチャンス,http://db.netkeiba.com/horse/2014105572/
アサクサハヤブサ,http://db.netkeiba.com/horse/2012104296/
アサクサプライド,http://db.netkeiba.com/horse/2011104216/
アサクサポイント,http://db.netkeiba.com/horse/2008103064/
アサクサレーサー,http://db.netkeiba.com/horse/2011104167/
アサケイーグル,http://db.netkeiba.com/horse/2014103888/
アサケスピカ,http://db.netkeiba.com/horse/2011105864/
アサケパワー,http://db.netkeiba.com/horse/2014104873/
アサケハーツ,http://db.netkeiba.com/horse/2014102134/
アサケルビー,http://db.netkeiba.com/horse/2015100867/
アサゴールドスター,http://db.netkeiba.com/horse/2014102475/
アサヒキリ,http://db.netkeiba.com/horse/2015100681/
アサヒノマッチ,http://db.netkeiba.com/horse/2012103975/
アザブジュウバン,http://db.netkeiba.com/horse/2014101554/
アザミジョウ,http://db.netkeiba.com/horse/2003104875/
アサミーチャン,http://db.netkeiba.com/horse/2015105652/
アサムシホープ,http://db.netkeiba.com/horse/2014100851/
アサヤケ,http://db.netkeiba.com/horse/2011103294/
アザレンカ,http://db.netkeiba.com/horse/2010106139/
アサーティブ,http://db.netkeiba.com/horse/2014105280/
アシェット,http://db.netkeiba.com/horse/2015106344/
アシドベリー,http://db.netkeiba.com/horse/2012101949/
アシャカクール,http://db.netkeiba.com/horse/2013105935/
アシャカセルクル,http://db.netkeiba.com/horse/2014102484/
アシャカダイキ,http://db.netkeiba.com/horse/2014106239/
アシャカチムサー,http://db.netkeiba.com/horse/2015106130/
アシャカデッシュ,http://db.netkeiba.com/horse/2015104004/
アシャカナウ,http://db.netkeiba.com/horse/2015100542/
アシャカファスト,http://db.netkeiba.com/horse/2015100466/
アシャカラウマ,http://db.netkeiba.com/horse/2013105351/
アシャカリアン,http://db.netkeiba.com/horse/2014102477/
アシャカリブラ,http://db.netkeiba.com/horse/2014102666/
アシャカータ,http://db.netkeiba.com/horse/2015103143/
アシュケナージ,http://db.netkeiba.com/horse/2009106833/
アジュディキセキ,http://db.netkeiba.com/horse/2011100658/
アジュディテイオー,http://db.netkeiba.com/horse/2011101026/
アシュランス,http://db.netkeiba.com/horse/2014100699/
アシュリン,http://db.netkeiba.com/horse/2015102591/
アシュワガンダ,http://db.netkeiba.com/horse/2013100929/
アジュールバトー,http://db.netkeiba.com/horse/2015104275/
アジュールローズ,http://db.netkeiba.com/horse/2013105798/
アショーマ,http://db.netkeiba.com/horse/2014100574/
アジル,http://db.netkeiba.com/horse/1989108572/
アスカショウダイ,http://db.netkeiba.com/horse/2014105071/
アスカダイヤモンド,http://db.netkeiba.com/horse/2014104082/
アスカタスナ,http://db.netkeiba.com/horse/2014103431/
アスカノゲルニカ,http://db.netkeiba.com/horse/2011105028/
アスカノハヤテ,http://db.netkeiba.com/horse/2014105221/
アスカノホマレ,http://db.netkeiba.com/horse/2012100515/
アスカノロマン,http://db.netkeiba.com/horse/2011104994/
アスカリアン,http://db.netkeiba.com/horse/2015106192/
アスキーコード,http://db.netkeiba.com/horse/2011104261/
アスクヴェリウェル,http://db.netkeiba.com/horse/2015106490/
アスクジョーダン,http://db.netkeiba.com/horse/2012101406/
アスクノメガミ,http://db.netkeiba.com/horse/2013101117/
アスクハードスパン,http://db.netkeiba.com/horse/2015106488/
アスコットチャンプ,http://db.netkeiba.com/horse/2013105386/
アスタキサンチン,http://db.netkeiba.com/horse/2012105245/
アスタリスク,http://db.netkeiba.com/horse/2013104917/
アスターアゲイン,http://db.netkeiba.com/horse/2014102728/
アスターヴィガー,http://db.netkeiba.com/horse/2012103791/
アスターオーシャン,http://db.netkeiba.com/horse/2013103609/
アスターカウンティ,http://db.netkeiba.com/horse/2011110075/
アスタークライ,http://db.netkeiba.com/horse/2014104024/
アスターゴールド,http://db.netkeiba.com/horse/2014102735/
アスターサムソン,http://db.netkeiba.com/horse/2013105359/
アスターシャトル,http://db.netkeiba.com/horse/2013103848/
アスターシャンティ,http://db.netkeiba.com/horse/2015103026/
アスタースウィング,http://db.netkeiba.com/horse/2014110107/
アスターストーリー,http://db.netkeiba.com/horse/2014103434/
アスターソード,http://db.netkeiba.com/horse/2015105144/
アスタービアンコ,http://db.netkeiba.com/horse/2015103273/
アスターヒューズ,http://db.netkeiba.com/horse/2015100315/
アスタービーナス,http://db.netkeiba.com/horse/2015105783/
アスターフィール,http://db.netkeiba.com/horse/2014103440/
アスターメープル,http://db.netkeiba.com/horse/2014102062/
アスターリュート,http://db.netkeiba.com/horse/2014110106/
アスターレジェンド,http://db.netkeiba.com/horse/2012102519/
アステロイド,http://db.netkeiba.com/horse/2014106244/
アストラエンブレム,http://db.netkeiba.com/horse/2013106055/
アストラサンタン,http://db.netkeiba.com/horse/2015104627/
アストルム,http://db.netkeiba.com/horse/2006104269/
アストロノーティカ,http://db.netkeiba.com/horse/2014102164/
アストロブレーム,http://db.netkeiba.com/horse/2013105422/
アストロローグ,http://db.netkeiba.com/horse/2015105507/
アズナヴァル,http://db.netkeiba.com/horse/2013104970/
アスニカケルハシ,http://db.netkeiba.com/horse/2009102272/
アスピシア,http://db.netkeiba.com/horse/2015105170/
アスペクト,http://db.netkeiba.com/horse/2009102071/
アスヘノキボウ,http://db.netkeiba.com/horse/2014104847/
アスヘノトビラ,http://db.netkeiba.com/horse/2013100138/
アスベル,http://db.netkeiba.com/horse/2015104360/
アズマタイムズ,http://db.netkeiba.com/horse/2012101210/
アズマタックン,http://db.netkeiba.com/horse/2013100361/
アズマピアサー,http://db.netkeiba.com/horse/2015101860/
アスミキリ,http://db.netkeiba.com/horse/2012102827/
アズユーウィッシュ,http://db.netkeiba.com/horse/2014100724/
アスラン,http://db.netkeiba.com/horse/1997500281/
アスリートスター,http://db.netkeiba.com/horse/2014103099/
アスリートラヴ,http://db.netkeiba.com/horse/2011106525/
アズレージョ,http://db.netkeiba.com/horse/2014105806/
アスールアラテラ,http://db.netkeiba.com/horse/2008103236/
アズールウィンドウ,http://db.netkeiba.com/horse/2010103841/
アズールスカイ,http://db.netkeiba.com/horse/2016100666/
アスールダリア,http://db.netkeiba.com/horse/2015106454/
アズールムーン,http://db.netkeiba.com/horse/2014106011/
アズーロ,http://db.netkeiba.com/horse/1997103361/
アセイラント,http://db.netkeiba.com/horse/2012103538/
アゼツライト,http://db.netkeiba.com/horse/2015101954/
アゼリア,http://db.netkeiba.com/horse/2012104287/
アセロラチャン,http://db.netkeiba.com/horse/2015105344/
アソボー,http://db.netkeiba.com/horse/2015106531/
アタゴタイゼン,http://db.netkeiba.com/horse/2014106540/
アダチヤマ,http://db.netkeiba.com/horse/2011105356/
アタックガール,http://db.netkeiba.com/horse/2013106321/
アタックスピード,http://db.netkeiba.com/horse/2015105753/
アタックプラン,http://db.netkeiba.com/horse/2014104960/
アタッケミノル,http://db.netkeiba.com/horse/2014105037/
アタミ,http://db.netkeiba.com/horse/2014103182/
アダムバローズ,http://db.netkeiba.com/horse/2014104968/
アチアチ,http://db.netkeiba.com/horse/2015103183/
アチェンティ,http://db.netkeiba.com/horse/2015100945/
アチーヴ,http://db.netkeiba.com/horse/2010101478/
アッキー,http://db.netkeiba.com/horse/2013102053/
アッコルド,http://db.netkeiba.com/horse/2014100148/
アッシジ,http://db.netkeiba.com/horse/2015105406/
アッシュゴールド,http://db.netkeiba.com/horse/2012104061/
アッシュバーナム,http://db.netkeiba.com/horse/2015103518/
アッチムイテホイ,http://db.netkeiba.com/horse/2015100462/
アッツ,http://db.netkeiba.com/horse/2014100725/
アッティーヴォ,http://db.netkeiba.com/horse/2014104716/
アッテンボロー,http://db.netkeiba.com/horse/2010100311/
アットザシーサイド,http://db.netkeiba.com/horse/2013105721/
アットザトップ,http://db.netkeiba.com/horse/2014101228/
アットザヘルム,http://db.netkeiba.com/horse/2014101185/
アッパレドンキ,http://db.netkeiba.com/horse/2013104815/
アッパーデック,http://db.netkeiba.com/horse/2013100630/
アッピアス,http://db.netkeiba.com/horse/2010104118/
アップアストーム,http://db.netkeiba.com/horse/2013103960/
アップアンカー,http://db.netkeiba.com/horse/2010106495/
アッフィラート,http://db.netkeiba.com/horse/2013105336/
アップカレント,http://db.netkeiba.com/horse/2011103693/
アップクォーク,http://db.netkeiba.com/horse/2013106041/
アップセッター,http://db.netkeiba.com/horse/1980103635/
アップティルナウ,http://db.netkeiba.com/horse/2015104379/
アップトゥデイト,http://db.netkeiba.com/horse/2010105861/
アップトゥユー,http://db.netkeiba.com/horse/2014104447/
アップドラフト,http://db.netkeiba.com/horse/2002100485/
アップドーミー,http://db.netkeiba.com/horse/2012100409/
アップバング,http://db.netkeiba.com/horse/2015104755/
アップビート,http://db.netkeiba.com/horse/2014102201/
アップファーレン,http://db.netkeiba.com/horse/2015105269/
アップメイ,http://db.netkeiba.com/horse/2015100471/
アップルカッター,http://db.netkeiba.com/horse/2015101325/
アップルキャンディ,http://db.netkeiba.com/horse/2011106246/
アップルクラウン,http://db.netkeiba.com/horse/2011105830/
アップルシェア,http://db.netkeiba.com/horse/2011103137/
アップルパンチ,http://db.netkeiba.com/horse/2014100111/
アヅマアンビシャス,http://db.netkeiba.com/horse/2007106324/
アヅマゴールデン,http://db.netkeiba.com/horse/2013102030/
アツミパワー,http://db.netkeiba.com/horse/2015100669/
アッラサルーテ,http://db.netkeiba.com/horse/2013106131/
アデイインザライフ,http://db.netkeiba.com/horse/2011103692/
アティテュード,http://db.netkeiba.com/horse/2015101301/
アディラート,http://db.netkeiba.com/horse/2014101173/
アテスト,http://db.netkeiba.com/horse/2003105608/
アテッサ,http://db.netkeiba.com/horse/2011104640/
アテナリ,http://db.netkeiba.com/horse/2015102949/
アデプタスメジャー,http://db.netkeiba.com/horse/2013105964/
アデル,http://db.netkeiba.com/horse/2015100632/
アデレードヒル,http://db.netkeiba.com/horse/2013102858/
アテンコール,http://db.netkeiba.com/horse/2015103445/
アテンソード,http://db.netkeiba.com/horse/2014106343/
アテンフェスタ,http://db.netkeiba.com/horse/2013103507/
アデージョ,http://db.netkeiba.com/horse/2015100191/
アドアステラ,http://db.netkeiba.com/horse/2016100694/
アドヴェントス,http://db.netkeiba.com/horse/2013105764/
アトス,http://db.netkeiba.com/horse/2003106027/
アドナルシー,http://db.netkeiba.com/horse/2013103567/
アドバイザー,http://db.netkeiba.com/horse/2015100103/
アドバンスアゲン,http://db.netkeiba.com/horse/2015100871/
アドバンスクライ,http://db.netkeiba.com/horse/2014103940/
アドバンスゴード,http://db.netkeiba.com/horse/2012103731/
アドバンスマルス,http://db.netkeiba.com/horse/2015104481/
アドベントサンデー,http://db.netkeiba.com/horse/2015104327/
アドマイヤアゼリ,http://db.netkeiba.com/horse/2014105788/
アドマイヤアルバ,http://db.netkeiba.com/horse/2015104713/
アドマイヤアルパマ,http://db.netkeiba.com/horse/2014106068/
アドマイヤアロマ,http://db.netkeiba.com/horse/2011104013/
アドマイヤアロー,http://db.netkeiba.com/horse/2014103382/
アドマイヤアース,http://db.netkeiba.com/horse/2011103868/
アドマイヤイナズマ,http://db.netkeiba.com/horse/2010104954/
アドマイヤイバマ,http://db.netkeiba.com/horse/2010104180/
アドマイヤウイング,http://db.netkeiba.com/horse/2011103816/
アドマイヤエイカン,http://db.netkeiba.com/horse/2013106075/
アドマイヤガスト,http://db.netkeiba.com/horse/1998100731/
アドマイヤカラット,http://db.netkeiba.com/horse/2015104914/
アドマイヤカロ,http://db.netkeiba.com/horse/2011103805/
アドマイヤキズナ,http://db.netkeiba.com/horse/2013103564/
アドマイヤキング,http://db.netkeiba.com/horse/2001103450/
アドマイヤクィーン,http://db.netkeiba.com/horse/2015104794/
アドマイヤゴッド,http://db.netkeiba.com/horse/2012104602/
アドマイヤサクセス,http://db.netkeiba.com/horse/2012101795/
アドマイヤサンダー,http://db.netkeiba.com/horse/1992109722/
アドマイヤシナイ,http://db.netkeiba.com/horse/2014102888/
アドマイヤジャガー,http://db.netkeiba.com/horse/2007103386/
アドマイヤジャズ,http://db.netkeiba.com/horse/2012104667/
アドマイヤシャドウ,http://db.netkeiba.com/horse/2009100359/
アドマイヤジョラス,http://db.netkeiba.com/horse/2014106447/
アドマイヤスカイ,http://db.netkeiba.com/horse/2012104509/
アドマイヤスター,http://db.netkeiba.com/horse/2012104517/
アドマイヤセレブ,http://db.netkeiba.com/horse/2015103196/
アドマイヤゼン,http://db.netkeiba.com/horse/2012104670/
アドマイヤダイオウ,http://db.netkeiba.com/horse/2013105768/
アドマイヤツヨシ,http://db.netkeiba.com/horse/2010105786/
アドマイヤツルギ,http://db.netkeiba.com/horse/2015105074/
アドマイヤディーバ,http://db.netkeiba.com/horse/2013106067/
アドマイヤデジタル,http://db.netkeiba.com/horse/2006101004/
アドマイヤデライト,http://db.netkeiba.com/horse/2013106258/
アドマイヤテンプウ,http://db.netkeiba.com/horse/2015104646/
アドマイヤテンホウ,http://db.netkeiba.com/horse/2013105922/
アドマイヤナイト,http://db.netkeiba.com/horse/2012100531/
アドマイヤパワー,http://db.netkeiba.com/horse/1997100795/
アドマイヤビクター,http://db.netkeiba.com/horse/2015104880/
アドマイヤヒビキ,http://db.netkeiba.com/horse/2004103001/
アドマイヤビート,http://db.netkeiba.com/horse/2015104655/
アドマイヤフィズ,http://db.netkeiba.com/horse/2013105951/
アドマイヤフォルム,http://db.netkeiba.com/horse/2013105989/
アドマイヤプリヴ,http://db.netkeiba.com/horse/2014106188/
アドマイヤマンバイ,http://db.netkeiba.com/horse/2014103744/
アドマイヤムテキ,http://db.netkeiba.com/horse/2013105192/
アドマイヤメテオ,http://db.netkeiba.com/horse/2011103905/
アドマイヤモラール,http://db.netkeiba.com/horse/2013105825/
アドマイヤランディ,http://db.netkeiba.com/horse/2011103858/
アドマイヤリアル,http://db.netkeiba.com/horse/2013105969/
アドマイヤリリーフ,http://db.netkeiba.com/horse/2009106540/
アドマイヤリード,http://db.netkeiba.com/horse/2013106072/
アドマイヤロケット,http://db.netkeiba.com/horse/2012104907/
アドマイヤロブソン,http://db.netkeiba.com/horse/2014105798/
アドマイヤロマン,http://db.netkeiba.com/horse/2013106052/
アドマイヤローザ,http://db.netkeiba.com/horse/2014105794/
アドミラブル,http://db.netkeiba.com/horse/2014105979/
アドミラルティ,http://db.netkeiba.com/horse/2013102465/
アトムアストレア,http://db.netkeiba.com/horse/2015100339/
アトムフェニックス,http://db.netkeiba.com/horse/2009106810/
アトラエンテ,http://db.netkeiba.com/horse/2015102671/
アトラクティヴアイ,http://db.netkeiba.com/horse/2014106022/
アトラトル,http://db.netkeiba.com/horse/2016102357/
アドラメレク,http://db.netkeiba.com/horse/2014105356/
アドラータ,http://db.netkeiba.com/horse/2015104163/
アドラーブルヒナノ,http://db.netkeiba.com/horse/2014101405/
アトレヴィード,http://db.netkeiba.com/horse/2015104754/
アトロポス,http://db.netkeiba.com/horse/2014106204/
アナザフォー,http://db.netkeiba.com/horse/2012106044/
アナザヘヴン,http://db.netkeiba.com/horse/2013105262/
アナザーウインド,http://db.netkeiba.com/horse/2010102933/
アナザークイーン,http://db.netkeiba.com/horse/2016100738/
アナザーデイ,http://db.netkeiba.com/horse/2012101310/
アナザードア,http://db.netkeiba.com/horse/2014105954/
アナザートゥルース,http://db.netkeiba.com/horse/2014104259/
アナザーパラダイス,http://db.netkeiba.com/horse/2015104125/
アナザーバージョン,http://db.netkeiba.com/horse/2011103768/
アナザープラネット,http://db.netkeiba.com/horse/2013104781/
アナスタシオ,http://db.netkeiba.com/horse/2016100627/
アナタニアゲル,http://db.netkeiba.com/horse/2015101726/
アナトリア,http://db.netkeiba.com/horse/2013100028/
アナマリア,http://db.netkeiba.com/horse/2015104211/
アナログガール,http://db.netkeiba.com/horse/2012101391/
アニエーゼ,http://db.netkeiba.com/horse/2015110015/
アニマルスピリッツ,http://db.netkeiba.com/horse/2012100901/
アニマンド,http://db.netkeiba.com/horse/2015102427/
アニムスオブワーズ,http://db.netkeiba.com/horse/2015103037/
アネッロドーロ,http://db.netkeiba.com/horse/2014106479/
アネラノヘア,http://db.netkeiba.com/horse/2011104061/
アネラリオ,http://db.netkeiba.com/horse/2014102996/
アネロワ,http://db.netkeiba.com/horse/2014101999/
アノマリー,http://db.netkeiba.com/horse/2015102630/
アバオアクー,http://db.netkeiba.com/horse/2012104329/
アパタイト,http://db.netkeiba.com/horse/2014101814/
アバヨ,http://db.netkeiba.com/horse/2015102030/
アパラチアン,http://db.netkeiba.com/horse/2014109094/
アバルラータ,http://db.netkeiba.com/horse/2014104346/
アバレダイコ,http://db.netkeiba.com/horse/2005105103/
アバンサル,http://db.netkeiba.com/horse/2011104575/
アパーパートバイオ,http://db.netkeiba.com/horse/2013101166/
アピア,http://db.netkeiba.com/horse/2011105340/
アピアリング,http://db.netkeiba.com/horse/2013104961/
アビラウンケン,http://db.netkeiba.com/horse/2014103610/
アビーム,http://db.netkeiba.com/horse/2015100846/
アピールバイオ,http://db.netkeiba.com/horse/2014101550/
アフィシオン,http://db.netkeiba.com/horse/2015105250/
アフェクシオン,http://db.netkeiba.com/horse/2012100736/
アフェクテューズ,http://db.netkeiba.com/horse/2013100321/
アフェクトダンサー,http://db.netkeiba.com/horse/1989502001/
アフオラカ,http://db.netkeiba.com/horse/2015101555/
アプシュルトス,http://db.netkeiba.com/horse/2012103971/
アブソリュカフェ,http://db.netkeiba.com/horse/2011106545/
アブソリュートゼロ,http://db.netkeiba.com/horse/2015102298/
アブソルプション,http://db.netkeiba.com/horse/2013106114/
アブソルーター,http://db.netkeiba.com/horse/2015100857/
アブソーブ,http://db.netkeiba.com/horse/2015101196/
アフターアワーズ,http://db.netkeiba.com/horse/2012105313/
アフターバーナー,http://db.netkeiba.com/horse/2014102200/
アフターファイブ,http://db.netkeiba.com/horse/2012102471/
アフターミー,http://db.netkeiba.com/horse/1988104191/
アプト,http://db.netkeiba.com/horse/2014102205/
アブナイヒロユキ,http://db.netkeiba.com/horse/2015104016/
アプラウス,http://db.netkeiba.com/horse/2016100624/
アブラカダブラ,http://db.netkeiba.com/horse/2015102959/
アフラマズダー,http://db.netkeiba.com/horse/2015101017/
アフランシール,http://db.netkeiba.com/horse/2016100625/
アフリカファースト,http://db.netkeiba.com/horse/2015105765/
アフリカンゴールド,http://db.netkeiba.com/horse/2015101654/
アフリカンハンター,http://db.netkeiba.com/horse/2008104081/
アブリコ,http://db.netkeiba.com/horse/2013103757/
アプリシエイトテン,http://db.netkeiba.com/horse/2013101121/
アブリル,http://db.netkeiba.com/horse/2014101162/
アプリーレ,http://db.netkeiba.com/horse/2013100939/
アプルーヴァル,http://db.netkeiba.com/horse/2008102125/
アプレイザル,http://db.netkeiba.com/horse/2011104116/
アフロディーテ,http://db.netkeiba.com/horse/1995101234/
アプローズスカイ,http://db.netkeiba.com/horse/2014104334/
アベストルース,http://db.netkeiba.com/horse/2014102246/
アベックモア,http://db.netkeiba.com/horse/2012105317/
アベニンバード,http://db.netkeiba.com/horse/2012101463/
アベニンマルカート,http://db.netkeiba.com/horse/2015105147/
アベリア,http://db.netkeiba.com/horse/000a003f6a/
アペリラルビー,http://db.netkeiba.com/horse/2014101704/
アペルトゥーラ,http://db.netkeiba.com/horse/2011101774/
アベンチュリン,http://db.netkeiba.com/horse/2001100574/
アポストル,http://db.netkeiba.com/horse/2015104996/
アポテオシス,http://db.netkeiba.com/horse/2014102544/
アポロアミ,http://db.netkeiba.com/horse/2015101491/
アポロアロマ,http://db.netkeiba.com/horse/2013103291/
アポロエレノア,http://db.netkeiba.com/horse/2015101026/
アポロオウレン,http://db.netkeiba.com/horse/2012103884/
アポロオーランド,http://db.netkeiba.com/horse/2014110105/
アポロカイオー,http://db.netkeiba.com/horse/2015103008/
アポロガッツ,http://db.netkeiba.com/horse/2013105142/
アポロカハナ,http://db.netkeiba.com/horse/2016103218/
アポロケンタッキー,http://db.netkeiba.com/horse/2012110098/
アポロゴールド,http://db.netkeiba.com/horse/2013101485/
アポロジョージア,http://db.netkeiba.com/horse/2013101673/
アポロスウィフト,http://db.netkeiba.com/horse/2013101551/
アポロズスピアー,http://db.netkeiba.com/horse/2009100077/
アポロセシル,http://db.netkeiba.com/horse/2014105091/
アポロチェリーバン,http://db.netkeiba.com/horse/2015100382/
アポロチーター,http://db.netkeiba.com/horse/2016106288/
アポロティンクル,http://db.netkeiba.com/horse/2012100458/
アポロテキサス,http://db.netkeiba.com/horse/2013110108/
アポロテネシー,http://db.netkeiba.com/horse/2015110103/
アポロナイスジャブ,http://db.netkeiba.com/horse/2013104828/
アポロノシンザン,http://db.netkeiba.com/horse/2012101013/
アポロノホウリン,http://db.netkeiba.com/horse/2013100022/
アポロノリュウジン,http://db.netkeiba.com/horse/2014102838/
アポロノワキザシ,http://db.netkeiba.com/horse/2016102778/
アポロパレス,http://db.netkeiba.com/horse/2009100457/
アポロビビ,http://db.netkeiba.com/horse/2016103518/
アポロフレンズ,http://db.netkeiba.com/horse/2014104099/
アポロマーキュリー,http://db.netkeiba.com/horse/2014102543/
アポロムーン,http://db.netkeiba.com/horse/2011100836/
アポロメイン,http://db.netkeiba.com/horse/2012105687/
アポロモンスター,http://db.netkeiba.com/horse/2014101868/
アポロユッキー,http://db.netkeiba.com/horse/2014100285/
アポロラビ,http://db.netkeiba.com/horse/2016103644/
アポロリベリオン,http://db.netkeiba.com/horse/2013110107/
アポロリュウセイ,http://db.netkeiba.com/horse/2013104032/
アポロレイア,http://db.netkeiba.com/horse/2015101025/
アポロロッキー,http://db.netkeiba.com/horse/2015109032/
アポロンテンリュウ,http://db.netkeiba.com/horse/2014103234/
アマガケ,http://db.netkeiba.com/horse/2015101691/
アマクサボーイ,http://db.netkeiba.com/horse/2009100454/
アマゴワクチン,http://db.netkeiba.com/horse/2010106216/
アマザン,http://db.netkeiba.com/horse/2001500397/
アマゾンダンス,http://db.netkeiba.com/horse/2014100178/
アマトリチャーナ,http://db.netkeiba.com/horse/2015102537/
アマノガワ,http://db.netkeiba.com/horse/2014103579/
アマノスペシャル,http://db.netkeiba.com/horse/2014101618/
アマノラヴィータ,http://db.netkeiba.com/horse/2015103817/
アマラントカット,http://db.netkeiba.com/horse/2012104380/
アマラントス,http://db.netkeiba.com/horse/2014102401/
アマリアローズ,http://db.netkeiba.com/horse/2012101476/
アマリネ,http://db.netkeiba.com/horse/2010106080/
アマリリスオリーブ,http://db.netkeiba.com/horse/2013101274/
アマリリステソーロ,http://db.netkeiba.com/horse/2016101359/
アマルゴ,http://db.netkeiba.com/horse/2011100264/
アマルティア,http://db.netkeiba.com/horse/2013106245/
アマルフィコースト,http://db.netkeiba.com/horse/2015104361/
アマレッティ,http://db.netkeiba.com/horse/2012104750/
アミスターミノル,http://db.netkeiba.com/horse/2015106171/
アミフジエンブレム,http://db.netkeiba.com/horse/2008109048/
アミフジタイカン,http://db.netkeiba.com/horse/2012109127/
アミフジテンショウ,http://db.netkeiba.com/horse/2011109136/
アミユウダイ,http://db.netkeiba.com/horse/2015105759/
アミュレットカフェ,http://db.netkeiba.com/horse/2015102752/
アミーキティア,http://db.netkeiba.com/horse/2012100609/
アミーコドーロ,http://db.netkeiba.com/horse/2014101354/
アムネシア,http://db.netkeiba.com/horse/2014102731/
アムネスティ,http://db.netkeiba.com/horse/2013105281/
アムルーズ,http://db.netkeiba.com/horse/1986101390/
アムロタイプ,http://db.netkeiba.com/horse/2013100700/
アムールクエスト,http://db.netkeiba.com/horse/2009103377/
アムールシエル,http://db.netkeiba.com/horse/2014103625/
アムールドランジュ,http://db.netkeiba.com/horse/2014102023/
アムールバローズ,http://db.netkeiba.com/horse/2014105278/
アムールフェイス,http://db.netkeiba.com/horse/2015105513/
アムールブラン,http://db.netkeiba.com/horse/2013101443/
アムールリアン,http://db.netkeiba.com/horse/2014100768/
アメイジア,http://db.netkeiba.com/horse/2010100561/
アメイジングゲイル,http://db.netkeiba.com/horse/2011105766/
アメイジングセンス,http://db.netkeiba.com/horse/2015100601/
アメイズミー,http://db.netkeiba.com/horse/2014105337/
アメジストデュー,http://db.netkeiba.com/horse/2013105773/
アメチスタ,http://db.netkeiba.com/horse/2014105202/
アメノハバキリ,http://db.netkeiba.com/horse/2015109060/
アメノヒメ,http://db.netkeiba.com/horse/2014103964/
アメノムラクモ,http://db.netkeiba.com/horse/2015102146/
アメリカズカップ,http://db.netkeiba.com/horse/2014105681/
アメリカズハート,http://db.netkeiba.com/horse/2015106315/
アメリカンイーグル,http://db.netkeiba.com/horse/2005103714/
アメリカンエース,http://db.netkeiba.com/horse/1979104963/
アメリカンサンダー,http://db.netkeiba.com/horse/2010101744/
アメリカンジョーク,http://db.netkeiba.com/horse/2014103110/
アメリカンツイスト,http://db.netkeiba.com/horse/2015104243/
アメリカントップ,http://db.netkeiba.com/horse/2013110026/
アメリカンドミンゴ,http://db.netkeiba.com/horse/2015110029/
アメリカンファクト,http://db.netkeiba.com/horse/2015110028/
アメリカンフォルテ,http://db.netkeiba.com/horse/2014110038/
アメリカンヘブン,http://db.netkeiba.com/horse/2013110019/
アメリカンボーイ,http://db.netkeiba.com/horse/1982105232/
アメリカンマックス,http://db.netkeiba.com/horse/2014100953/
アメリカンマッスル,http://db.netkeiba.com/horse/2012103475/
アメリカンワールド,http://db.netkeiba.com/horse/2015110027/
アメンボ,http://db.netkeiba.com/horse/2013100922/
アメージングハート,http://db.netkeiba.com/horse/2015105614/
アモーレジョディー,http://db.netkeiba.com/horse/2015100552/
アモーレミオ,http://db.netkeiba.com/horse/1987105525/
アモーレリコルド,http://db.netkeiba.com/horse/2014103362/
アヤミズキ,http://db.netkeiba.com/horse/2006104066/
アユツリオヤジ,http://db.netkeiba.com/horse/2014103867/
アユメライトアップ,http://db.netkeiba.com/horse/2011105698/
アライア,http://db.netkeiba.com/horse/2013103659/
アラウン,http://db.netkeiba.com/horse/2015101530/
アラカント,http://db.netkeiba.com/horse/2013100648/
アラスカノオーロラ,http://db.netkeiba.com/horse/2015103803/
アラタシャチョウ,http://db.netkeiba.com/horse/2010103259/
アラタマクリスエス,http://db.netkeiba.com/horse/2014102523/
アラタマプラン,http://db.netkeiba.com/horse/2013100951/
アラノボル,http://db.netkeiba.com/horse/2013101260/
アラハバード,http://db.netkeiba.com/horse/2014105360/
アラビアンローズ,http://db.netkeiba.com/horse/2012102332/
アラヒキリ,http://db.netkeiba.com/horse/2013101261/
アラブルテーラー,http://db.netkeiba.com/horse/2016100649/
アラベスクシーズ,http://db.netkeiba.com/horse/2006104103/
アラマキ,http://db.netkeiba.com/horse/2014100051/
アラマサバド,http://db.netkeiba.com/horse/2013101257/
アラマサル,http://db.netkeiba.com/horse/2012100047/
アラモアナビーチ,http://db.netkeiba.com/horse/2015102572/
アララトテソーロ,http://db.netkeiba.com/horse/2016101860/
アラレチャン,http://db.netkeiba.com/horse/2015100262/
アラロケ,http://db.netkeiba.com/horse/2014100052/
アラワシセーラ,http://db.netkeiba.com/horse/2014102665/
アランスター,http://db.netkeiba.com/horse/2014100018/
アランチャ,http://db.netkeiba.com/horse/2013105421/
アランフェスリリー,http://db.netkeiba.com/horse/2015103637/
アランブレラ,http://db.netkeiba.com/horse/2015104760/
アラートミノル,http://db.netkeiba.com/horse/2011102542/
アリアナフォンテン,http://db.netkeiba.com/horse/2015102768/
アリアンナ,http://db.netkeiba.com/horse/2015102056/
アリイタヤス,http://db.netkeiba.com/horse/2015100422/
アリウム,http://db.netkeiba.com/horse/2011103617/
アリエスジューゴー,http://db.netkeiba.com/horse/2012103809/
アリエスムーン,http://db.netkeiba.com/horse/2011106466/
アリエッティ,http://db.netkeiba.com/horse/2015101033/
アリエルバローズ,http://db.netkeiba.com/horse/2013101378/
アリオス,http://db.netkeiba.com/horse/2013100565/
アリオンダンス,http://db.netkeiba.com/horse/2013102522/
アリゲイター,http://db.netkeiba.com/horse/2013100314/
アリスカン,http://db.netkeiba.com/horse/2014102503/
アリストクラット,http://db.netkeiba.com/horse/2010104371/
アリストライン,http://db.netkeiba.com/horse/2015104651/
アリストレジェンド,http://db.netkeiba.com/horse/2014105624/
アリッサム,http://db.netkeiba.com/horse/2013101719/
アリディブリラーレ,http://db.netkeiba.com/horse/2015103394/
アリディルーチェ,http://db.netkeiba.com/horse/2014103318/
アリモニー,http://db.netkeiba.com/horse/2013103115/
アリュエット,http://db.netkeiba.com/horse/2013100010/
アリュマージュ,http://db.netkeiba.com/horse/2015104175/
アリュールベルン,http://db.netkeiba.com/horse/2015102150/
アリンナ,http://db.netkeiba.com/horse/2014104249/
アリーヤベント,http://db.netkeiba.com/horse/2015105532/
アルアイン,http://db.netkeiba.com/horse/2014106046/
アルアンダルス,http://db.netkeiba.com/horse/2014105394/
アルアンデス,http://db.netkeiba.com/horse/2013101280/
アルカサル,http://db.netkeiba.com/horse/2013105771/
アルカナ,http://db.netkeiba.com/horse/2010105843/
アルカヌム,http://db.netkeiba.com/horse/2013101435/
アルガール,http://db.netkeiba.com/horse/2015105347/
アルキミア,http://db.netkeiba.com/horse/2015104351/
アルクトス,http://db.netkeiba.com/horse/2015100318/
アルケミスト,http://db.netkeiba.com/horse/1995105632/
アルゴス,http://db.netkeiba.com/horse/2015100615/
アルコステラート,http://db.netkeiba.com/horse/2013100993/
アルゴセイコウ,http://db.netkeiba.com/horse/2015100164/
アルゴノート,http://db.netkeiba.com/horse/2000109117/
アルコバッサ,http://db.netkeiba.com/horse/2013103620/
アルゴロオジエ,http://db.netkeiba.com/horse/2014101904/
アルジャンテ,http://db.netkeiba.com/horse/2013105998/
アルジャントゥイユ,http://db.netkeiba.com/horse/2014105402/
アルジャーノン,http://db.netkeiba.com/horse/1999110021/
アルスフェルト,http://db.netkeiba.com/horse/2013105305/
アルスマルカート,http://db.netkeiba.com/horse/2008101012/
アルスラーン,http://db.netkeiba.com/horse/2015106231/
アルセナーレ,http://db.netkeiba.com/horse/2013102296/
アルセーヌメジャー,http://db.netkeiba.com/horse/2014102680/
アルタイア,http://db.netkeiba.com/horse/2014102504/
アルタイル,http://db.netkeiba.com/horse/2012101018/
アルタイルキララ,http://db.netkeiba.com/horse/2014101717/
アルタモーダ,http://db.netkeiba.com/horse/2013103457/
アルター,http://db.netkeiba.com/horse/2012104936/
アルチレイロ,http://db.netkeiba.com/horse/2014102499/
アルディシア,http://db.netkeiba.com/horse/2013102390/
アルティシモ,http://db.netkeiba.com/horse/2015104040/
アルティジャーノ,http://db.netkeiba.com/horse/2013104515/
アルティスタエース,http://db.netkeiba.com/horse/2015100680/
アルディナ,http://db.netkeiba.com/horse/2014103228/
アルディバイン,http://db.netkeiba.com/horse/2011103408/
アルティマウェポン,http://db.netkeiba.com/horse/2013103599/
アルティマックス,http://db.netkeiba.com/horse/2014103408/
アルティマヒート,http://db.netkeiba.com/horse/2013105334/
アルティマブラッド,http://db.netkeiba.com/horse/2012104128/
アルテミスバイオ,http://db.netkeiba.com/horse/2015101732/
アルトサックス,http://db.netkeiba.com/horse/2012102957/
アルトリウス,http://db.netkeiba.com/horse/2014105324/
アルドーレ,http://db.netkeiba.com/horse/2004109303/
アルバシュルク,http://db.netkeiba.com/horse/2014105739/
アルバリ,http://db.netkeiba.com/horse/2015100397/
アルハンブラシン,http://db.netkeiba.com/horse/2013105066/
アルパーシャン,http://db.netkeiba.com/horse/2012103064/
アルバート,http://db.netkeiba.com/horse/2011104019/
アルバートドック,http://db.netkeiba.com/horse/2012104069/
アルビオリクス,http://db.netkeiba.com/horse/2015104838/
アルピーニ,http://db.netkeiba.com/horse/2015102526/
アルファアリエス,http://db.netkeiba.com/horse/2011104543/
アルファヴィル,http://db.netkeiba.com/horse/2013105639/
アルファエクサ,http://db.netkeiba.com/horse/2011104566/
アルファキンバレー,http://db.netkeiba.com/horse/2012100026/
アルファジェイド,http://db.netkeiba.com/horse/2013101244/
アルファスバル,http://db.netkeiba.com/horse/2013101235/
アルファベット,http://db.netkeiba.com/horse/2014110090/
アルファマリニン,http://db.netkeiba.com/horse/2012100054/
アルファミルキー,http://db.netkeiba.com/horse/2013101243/
アルファメール,http://db.netkeiba.com/horse/2010102604/
アルファリンクス,http://db.netkeiba.com/horse/2014100062/
アルファルミナス,http://db.netkeiba.com/horse/2015100030/
アルファルージュ,http://db.netkeiba.com/horse/2014100034/
アルファーティハ,http://db.netkeiba.com/horse/2015103876/
アルブクール,http://db.netkeiba.com/horse/2015105529/
アルプスガイド,http://db.netkeiba.com/horse/2013102755/
アルベルティーヌ,http://db.netkeiba.com/horse/2015104371/
アルペンローゼン,http://db.netkeiba.com/horse/2013104144/
アルポアドール,http://db.netkeiba.com/horse/2014104015/
アルポケット,http://db.netkeiba.com/horse/2010104513/
アルボルデヴィダ,http://db.netkeiba.com/horse/2012105329/
アルマアノン,http://db.netkeiba.com/horse/2015100195/
アルマアルジーヌ,http://db.netkeiba.com/horse/2015100204/
アルマエルナト,http://db.netkeiba.com/horse/2011103191/
アルマククナ,http://db.netkeiba.com/horse/2013103290/
アルマクレヨン,http://db.netkeiba.com/horse/2012102967/
アルマゲスト,http://db.netkeiba.com/horse/2013102442/
アルマシャール,http://db.netkeiba.com/horse/2014103981/
アルマスハート,http://db.netkeiba.com/horse/2013102239/
アルマトップエンド,http://db.netkeiba.com/horse/2015102639/
アルマヘクトール,http://db.netkeiba.com/horse/2015103623/
アルマユディト,http://db.netkeiba.com/horse/2015102695/
アルマライル,http://db.netkeiba.com/horse/2015106049/
アルマラナキラ,http://db.netkeiba.com/horse/2013100069/
アルマレイモミ,http://db.netkeiba.com/horse/2013102171/
アルマレー,http://db.netkeiba.com/horse/2014104077/
アルマワイオリ,http://db.netkeiba.com/horse/2012100208/
アルミサエル,http://db.netkeiba.com/horse/2011105538/
アルミューテン,http://db.netkeiba.com/horse/2014101889/
アルミランテ,http://db.netkeiba.com/horse/1998105820/
アルミレーナ,http://db.netkeiba.com/horse/2014106051/
アルムチャレンジ,http://db.netkeiba.com/horse/2014100508/
アルムフォルツァ,http://db.netkeiba.com/horse/2015100523/
アルメリアブルーム,http://db.netkeiba.com/horse/2014105249/
アルモガバルス,http://db.netkeiba.com/horse/2013103787/
アルモニカ,http://db.netkeiba.com/horse/2015104667/
アルモニュー,http://db.netkeiba.com/horse/2015102469/
アルモニーセレスト,http://db.netkeiba.com/horse/2016100668/
アルレーサー,http://db.netkeiba.com/horse/2015102988/
アルングリム,http://db.netkeiba.com/horse/2014105754/
アルーアキャロル,http://db.netkeiba.com/horse/2013105961/
アルーシャ,http://db.netkeiba.com/horse/2015104796/
アルーフクライ,http://db.netkeiba.com/horse/2014105509/
アルーリングデイズ,http://db.netkeiba.com/horse/2014105339/
アルーリングトーン,http://db.netkeiba.com/horse/2012104058/
アレクシア,http://db.netkeiba.com/horse/1997500328/
アレグレメンテ,http://db.netkeiba.com/horse/2015104184/
アレグロイモン,http://db.netkeiba.com/horse/2013104218/
アレジャポン,http://db.netkeiba.com/horse/1989107837/
アレススピアー,http://db.netkeiba.com/horse/2014105335/
アレスバローズ,http://db.netkeiba.com/horse/2012102017/
アレッチ,http://db.netkeiba.com/horse/2013104255/
アレット,http://db.netkeiba.com/horse/2011100590/
アレラーモ,http://db.netkeiba.com/horse/2014106215/
アレンチャン,http://db.netkeiba.com/horse/2015106422/
アレーグル,http://db.netkeiba.com/horse/2015105488/
アロハリリー,http://db.netkeiba.com/horse/2015104921/
アロマティカス,http://db.netkeiba.com/horse/2014100090/
アロマドゥルセ,http://db.netkeiba.com/horse/2014105970/
アロマベール,http://db.netkeiba.com/horse/2012103070/
アロマー,http://db.netkeiba.com/horse/2010101092/
アロングショット,http://db.netkeiba.com/horse/2015101031/
アロンザパール,http://db.netkeiba.com/horse/2014101298/
アロンザモナ,http://db.netkeiba.com/horse/2014101289/
アロンジェ,http://db.netkeiba.com/horse/2014105293/
アローシャトル,http://db.netkeiba.com/horse/2014103185/
アローシュドゥパト,http://db.netkeiba.com/horse/2015102462/
アロースコルトン,http://db.netkeiba.com/horse/2013102129/
アローフロスト,http://db.netkeiba.com/horse/2013104152/
アローヘッドワン,http://db.netkeiba.com/horse/2015102193/
アワオーラ,http://db.netkeiba.com/horse/2012103897/
アワジノオトメ,http://db.netkeiba.com/horse/2013104412/
アワジノベッピン,http://db.netkeiba.com/horse/2015104025/
アワジノルーキー,http://db.netkeiba.com/horse/2011109138/
アワフレイム,http://db.netkeiba.com/horse/2011110018/
アンイモン,http://db.netkeiba.com/horse/2012101249/
アンイールディング,http://db.netkeiba.com/horse/2002101345/
アンヴァリッド,http://db.netkeiba.com/horse/2012104260/
アンヴェイルド,http://db.netkeiba.com/horse/2011104172/
アンカットジュエル,http://db.netkeiba.com/horse/2013106270/
アンカー,http://db.netkeiba.com/horse/1986105167/
アンカーズアウェイ,http://db.netkeiba.com/horse/2011104238/
アンカーマン,http://db.netkeiba.com/horse/2013100633/
アンギョウ,http://db.netkeiba.com/horse/2012106172/
アングライフェン,http://db.netkeiba.com/horse/2012100627/
アンクルスター,http://db.netkeiba.com/horse/2015103235/
アンクルダイチ,http://db.netkeiba.com/horse/2012110090/
アングルティール,http://db.netkeiba.com/horse/2015100608/
アングルブラケット,http://db.netkeiba.com/horse/2012101263/
アンクルブレイク,http://db.netkeiba.com/horse/2015105489/
アンクルン,http://db.netkeiba.com/horse/2015105707/
アングレカム,http://db.netkeiba.com/horse/2014110092/
アングレーム,http://db.netkeiba.com/horse/2015104803/
アンコールプリュ,http://db.netkeiba.com/horse/2015104721/
アンサンブルライフ,http://db.netkeiba.com/horse/2013106436/
アンサーフォンテン,http://db.netkeiba.com/horse/2013102663/
アンジェラクイーン,http://db.netkeiba.com/horse/2016102019/
アンジェリコ,http://db.netkeiba.com/horse/2012102053/
アンジェリー,http://db.netkeiba.com/horse/2012104490/
アンジェロッティ,http://db.netkeiba.com/horse/2015104808/
アンシェンヌヴィル,http://db.netkeiba.com/horse/2015105976/
アンジェーヌ,http://db.netkeiba.com/horse/2014100085/
アンシャックルド,http://db.netkeiba.com/horse/2010110093/
アンシャンテシチー,http://db.netkeiba.com/horse/2015101566/
アンジュエール,http://db.netkeiba.com/horse/2012109043/
アンジュオスリール,http://db.netkeiba.com/horse/2013103912/
アンジュキッス,http://db.netkeiba.com/horse/2015100643/
アンジュシャルマン,http://db.netkeiba.com/horse/2014105958/
アンジュジョリー,http://db.netkeiba.com/horse/2014102744/
アンジュディアブル,http://db.netkeiba.com/horse/2010101931/
アンジュデジール,http://db.netkeiba.com/horse/2014103365/
アンジュノワール,http://db.netkeiba.com/horse/2015109046/
アンジュパッセ,http://db.netkeiba.com/horse/2015101648/
アンジュバーグ,http://db.netkeiba.com/horse/2011105354/
アンジュハート,http://db.netkeiba.com/horse/2014100180/
アンジュラミエル,http://db.netkeiba.com/horse/2014103443/
アンジュリンブレス,http://db.netkeiba.com/horse/2012105243/
アンジュループ,http://db.netkeiba.com/horse/2014106293/
アンジュレーヴ,http://db.netkeiba.com/horse/2014104233/
アンシンカブル,http://db.netkeiba.com/horse/2015101433/
アンジー,http://db.netkeiba.com/horse/2001107313/
アンジーゴールド,http://db.netkeiba.com/horse/2013101875/
アンスメーヌ,http://db.netkeiba.com/horse/2011103076/
アンセム,http://db.netkeiba.com/horse/2014102149/
アンソランス,http://db.netkeiba.com/horse/2016101284/
アンタガシャチョウ,http://db.netkeiba.com/horse/2014101984/
アンタラジー,http://db.netkeiba.com/horse/2012104809/
アンダリューサイト,http://db.netkeiba.com/horse/2012106285/
アンダンテバイオ,http://db.netkeiba.com/horse/2015102157/
アンダーパワー,http://db.netkeiba.com/horse/2015102513/
アンチェイン,http://db.netkeiba.com/horse/2000100638/
アンチャーテッド,http://db.netkeiba.com/horse/2014101877/
アンティノウス,http://db.netkeiba.com/horse/2014106172/
アンティーマリー,http://db.netkeiba.com/horse/2014105016/
アンデスクイーン,http://db.netkeiba.com/horse/2014106448/
アンデスレッド,http://db.netkeiba.com/horse/2015109052/
アンテレクテュエル,http://db.netkeiba.com/horse/2013105853/
アンドトゥモロー,http://db.netkeiba.com/horse/2012104062/
アントニオピサ,http://db.netkeiba.com/horse/2009106460/
アントニー,http://db.netkeiba.com/horse/2014104879/
アンドリエッテ,http://db.netkeiba.com/horse/2012101989/
アントルメ,http://db.netkeiba.com/horse/2015100625/
アンドレアス,http://db.netkeiba.com/horse/2015104558/
アントレーン,http://db.netkeiba.com/horse/2014100264/
アンドロメダザダゾ,http://db.netkeiba.com/horse/2014102510/
アントーニオ,http://db.netkeiba.com/horse/2015101666/
アンナベルガイト,http://db.netkeiba.com/horse/2015104676/
アンナペレンナ,http://db.netkeiba.com/horse/2013110017/
アンナラヴェリテ,http://db.netkeiba.com/horse/2015109047/
アンヌヴン,http://db.netkeiba.com/horse/2014102101/
アンネリース,http://db.netkeiba.com/horse/2014100752/
アンノートル,http://db.netkeiba.com/horse/2014102617/
アンバラージュ,http://db.netkeiba.com/horse/2016100725/
アンバーグリスキー,http://db.netkeiba.com/horse/2012104134/
アンバーナイト,http://db.netkeiba.com/horse/2013103130/
アンバービーチ,http://db.netkeiba.com/horse/2015104728/
アンビリーバボー,http://db.netkeiba.com/horse/2013106316/
アンピレオール,http://db.netkeiba.com/horse/2015102758/
アンフィトリテ,http://db.netkeiba.com/horse/2015104662/
アンフィニスター,http://db.netkeiba.com/horse/2015106167/
アンフィニマン,http://db.netkeiba.com/horse/2016100622/
アンフィーサ,http://db.netkeiba.com/horse/2015104115/
アンフィールド,http://db.netkeiba.com/horse/2013103942/
アンフォルタス,http://db.netkeiba.com/horse/2011104830/
アンプラグド,http://db.netkeiba.com/horse/1991109949/
アンブラッスマン,http://db.netkeiba.com/horse/2016103237/
アンブレイカブル,http://db.netkeiba.com/horse/2005100495/
アンブロジオ,http://db.netkeiba.com/horse/2015104675/
アンペラール,http://db.netkeiba.com/horse/2013100968/
アンペルマン,http://db.netkeiba.com/horse/2015101510/
アンポルタン,http://db.netkeiba.com/horse/2015105265/
アンラッシュ,http://db.netkeiba.com/horse/2016104045/
アンランジュ,http://db.netkeiba.com/horse/2012103361/
アンリエット,http://db.netkeiba.com/horse/2011102169/
アンリキャトル,http://db.netkeiba.com/horse/2011104443/
アンワンワールド,http://db.netkeiba.com/horse/2012101791/
アーヴァイン,http://db.netkeiba.com/horse/2015106091/
アーガマ,http://db.netkeiba.com/horse/2014105488/
アーギロスムンド,http://db.netkeiba.com/horse/2015103091/
アークアーセナル,http://db.netkeiba.com/horse/2013105195/
アークカンパネラ,http://db.netkeiba.com/horse/2015106428/
アークザレギャン,http://db.netkeiba.com/horse/2015100773/
アークマイニング,http://db.netkeiba.com/horse/2013104047/
アーケロンバイオ,http://db.netkeiba.com/horse/2014102286/
アーコサンティ,http://db.netkeiba.com/horse/2015101761/
アーザムブルー,http://db.netkeiba.com/horse/2014105853/
アーシー,http://db.netkeiba.com/horse/2013100031/
アースヴィヴィアナ,http://db.netkeiba.com/horse/2014102816/
アースヴィグラス,http://db.netkeiba.com/horse/2014102814/
アースウォール,http://db.netkeiba.com/horse/2011102906/
アースオブフェイム,http://db.netkeiba.com/horse/2014100627/
アースクリア,http://db.netkeiba.com/horse/2014102830/
アースコネクター,http://db.netkeiba.com/horse/2011110093/
アースコレクション,http://db.netkeiba.com/horse/2013110101/
アースシンフォニー,http://db.netkeiba.com/horse/2012100308/
アーススカイ,http://db.netkeiba.com/horse/2012100198/
アーススターリング,http://db.netkeiba.com/horse/2015106434/
アーススピード,http://db.netkeiba.com/horse/2013105116/
アーススマイヤー,http://db.netkeiba.com/horse/2015103999/
アースゼウス,http://db.netkeiba.com/horse/2010110105/
アースハーン,http://db.netkeiba.com/horse/2013105119/
アースビヨンド,http://db.netkeiba.com/horse/2015105172/
アースフライト,http://db.netkeiba.com/horse/2015105731/
アースブラウン,http://db.netkeiba.com/horse/2014105699/
アースボンバー,http://db.netkeiba.com/horse/2015102336/
アースボーン,http://db.netkeiba.com/horse/2014101037/
アースミステリー,http://db.netkeiba.com/horse/2014110100/
アースルナ,http://db.netkeiba.com/horse/2015106464/
アースワンドリーム,http://db.netkeiba.com/horse/2009101709/
アースワンハート,http://db.netkeiba.com/horse/2006104410/
アーダルベルト,http://db.netkeiba.com/horse/2014106408/
アーチキング,http://db.netkeiba.com/horse/2013110085/
アーチザスカイ,http://db.netkeiba.com/horse/2014109091/
アーチデューク,http://db.netkeiba.com/horse/2014104168/
アーツレイジング,http://db.netkeiba.com/horse/2015103588/
アーディ,http://db.netkeiba.com/horse/2013104267/
アーデルワイゼ,http://db.netkeiba.com/horse/2015104679/
アートオブキャット,http://db.netkeiba.com/horse/2015105496/
アートオブグラン,http://db.netkeiba.com/horse/2013106391/
アートオブスノー,http://db.netkeiba.com/horse/2013104022/
アートオブタイム,http://db.netkeiba.com/horse/2013104015/
アートオブダムール,http://db.netkeiba.com/horse/2014104335/
アートオブパナシェ,http://db.netkeiba.com/horse/2009103367/
アートシュアリー,http://db.netkeiba.com/horse/2015104562/
アートハルキ,http://db.netkeiba.com/horse/2013103931/
アートフェスタ,http://db.netkeiba.com/horse/2011106046/
アードラー,http://db.netkeiba.com/horse/2014104841/
アートワークス,http://db.netkeiba.com/horse/2014104710/
アーナック,http://db.netkeiba.com/horse/2014109031/
アーネストウイシュ,http://db.netkeiba.com/horse/2011102881/
アーネストホープ,http://db.netkeiba.com/horse/2014104274/
アーバレスト,http://db.netkeiba.com/horse/2014101194/
アーバンイェーガー,http://db.netkeiba.com/horse/2014102562/
アーバンキッド,http://db.netkeiba.com/horse/2013105872/
アーバンスター,http://db.netkeiba.com/horse/2013101133/
アーバンブラック,http://db.netkeiba.com/horse/2015102023/
アーバンベスト,http://db.netkeiba.com/horse/1994104755/
アーヒラ,http://db.netkeiba.com/horse/2015106372/
アービルビエント,http://db.netkeiba.com/horse/2016106443/
アーマンディ,http://db.netkeiba.com/horse/2013102349/
アーマークラッド,http://db.netkeiba.com/horse/2010104388/
アーミーバローズ,http://db.netkeiba.com/horse/2012105426/
アームズレングス,http://db.netkeiba.com/horse/2013105570/
アーモンドアイ,http://db.netkeiba.com/horse/2015104961/
アーユーカトレア,http://db.netkeiba.com/horse/2013101275/
アーユーハッピー,http://db.netkeiba.com/horse/2015101810/
アーリーサプライズ,http://db.netkeiba.com/horse/2014100546/
アーリーズベル,http://db.netkeiba.com/horse/2012101774/
アーリーバード,http://db.netkeiba.com/horse/1989106169/
アールグランツ,http://db.netkeiba.com/horse/2016104207/
アールケイツー,http://db.netkeiba.com/horse/2015101211/
アールケイワン,http://db.netkeiba.com/horse/2014104493/
アールゴロマキ,http://db.netkeiba.com/horse/2009100964/
アールスター,http://db.netkeiba.com/horse/2015100969/
アールデュラン,http://db.netkeiba.com/horse/2009103117/
アールビット,http://db.netkeiba.com/horse/2015103844/
アールプロセス,http://db.netkeiba.com/horse/2011104429/
アールルイス,http://db.netkeiba.com/horse/2008103602/
アールレアル,http://db.netkeiba.com/horse/2015105802/
