クアトレフォイル,http://db.netkeiba.com/horse/2015103320/
クアトロザブリンク,http://db.netkeiba.com/horse/2014101138/
クアトロスクーザ,http://db.netkeiba.com/horse/2015100380/
グァバベリーニ,http://db.netkeiba.com/horse/2011104181/
クアロア,http://db.netkeiba.com/horse/2015106087/
グアン,http://db.netkeiba.com/horse/2015103368/
クァンタムギア,http://db.netkeiba.com/horse/2011101077/
グァンチャーレ,http://db.netkeiba.com/horse/2012100407/
クイズリングテラス,http://db.netkeiba.com/horse/2011105814/
クイックアクティー,http://db.netkeiba.com/horse/1990104327/
クイックスパイダー,http://db.netkeiba.com/horse/2010101759/
クイックモーション,http://db.netkeiba.com/horse/2001104816/
クイックヨウビギン,http://db.netkeiba.com/horse/2014102451/
クイニーアイ,http://db.netkeiba.com/horse/2014102866/
クイニーアマン,http://db.netkeiba.com/horse/2010100817/
クインアマランサス,http://db.netkeiba.com/horse/2014106074/
クインオブザナイト,http://db.netkeiba.com/horse/2012102817/
クインザクイン,http://db.netkeiba.com/horse/2014100431/
クインザドリーム,http://db.netkeiba.com/horse/2014104088/
クインザヒーロー,http://db.netkeiba.com/horse/2013101686/
クインズアイザ,http://db.netkeiba.com/horse/2014100528/
クインズアイボリー,http://db.netkeiba.com/horse/2016102025/
クインズアリエス,http://db.netkeiba.com/horse/2015106262/
クインズウィンダム,http://db.netkeiba.com/horse/2014100345/
クインズヴィーナス,http://db.netkeiba.com/horse/2013103156/
クインズウラヌス,http://db.netkeiba.com/horse/2013103392/
クインズオプティモ,http://db.netkeiba.com/horse/2012102732/
クインズオライリー,http://db.netkeiba.com/horse/2015105683/
クインズオレンジ,http://db.netkeiba.com/horse/2014104514/
クインズカトレア,http://db.netkeiba.com/horse/2015105681/
クインズカリナン,http://db.netkeiba.com/horse/2013104422/
クインズケリド,http://db.netkeiba.com/horse/2012100540/
クインズコースト,http://db.netkeiba.com/horse/2014104243/
クインズゴールド,http://db.netkeiba.com/horse/2014105988/
クインズサターン,http://db.netkeiba.com/horse/2013104246/
クインズサリナ,http://db.netkeiba.com/horse/2014104515/
クインズサン,http://db.netkeiba.com/horse/2013103646/
クインズジェイド,http://db.netkeiba.com/horse/2013104245/
クインズシナモン,http://db.netkeiba.com/horse/2016106335/
クインズジャスミン,http://db.netkeiba.com/horse/2016102024/
クインズジャーニー,http://db.netkeiba.com/horse/2011104827/
クインズシルエット,http://db.netkeiba.com/horse/2014104327/
クインズスプリング,http://db.netkeiba.com/horse/2014105137/
クインズソール,http://db.netkeiba.com/horse/2012100543/
クインズダルビー,http://db.netkeiba.com/horse/2014101381/
クインズチャパラ,http://db.netkeiba.com/horse/2015100555/
クインズチラゴー,http://db.netkeiba.com/horse/2014105122/
クインズティガ,http://db.netkeiba.com/horse/2015105394/
クインズトロブラボ,http://db.netkeiba.com/horse/2011102014/
クインズヌーサ,http://db.netkeiba.com/horse/2014100338/
クインズハリジャン,http://db.netkeiba.com/horse/2011102735/
クインズパール,http://db.netkeiba.com/horse/2011106261/
クインズフェザー,http://db.netkeiba.com/horse/2013106348/
クインズプリンセス,http://db.netkeiba.com/horse/2015100678/
クインズプルート,http://db.netkeiba.com/horse/2013101758/
クインズフローリー,http://db.netkeiba.com/horse/2011102623/
クインズベガ,http://db.netkeiba.com/horse/2014100337/
クインズベンチ,http://db.netkeiba.com/horse/2015100001/
クインズマラクータ,http://db.netkeiba.com/horse/2014100529/
クインズマルシアノ,http://db.netkeiba.com/horse/2012100333/
クインズマーキュリ,http://db.netkeiba.com/horse/2013102566/
クインズマーズ,http://db.netkeiba.com/horse/2013104584/
クインズミラーグロ,http://db.netkeiba.com/horse/2012105433/
クインズミリセント,http://db.netkeiba.com/horse/2014105147/
クインズメモリア,http://db.netkeiba.com/horse/2012101144/
クインズモント,http://db.netkeiba.com/horse/2014100342/
クインズラピス,http://db.netkeiba.com/horse/2012103554/
クインズラミントン,http://db.netkeiba.com/horse/2014100533/
クインズリケサス,http://db.netkeiba.com/horse/2012101640/
クインズレインボー,http://db.netkeiba.com/horse/2016105773/
クインズローズ,http://db.netkeiba.com/horse/2016100353/
クインチ,http://db.netkeiba.com/horse/2015100735/
クイントゥープル,http://db.netkeiba.com/horse/2014100728/
グイール,http://db.netkeiba.com/horse/2014100280/
クイーンオブハート,http://db.netkeiba.com/horse/2012103926/
クイーングラス,http://db.netkeiba.com/horse/2015104472/
クイーンズスタイル,http://db.netkeiba.com/horse/2014105190/
クイーンズテソーロ,http://db.netkeiba.com/horse/2015106226/
クィーンストーリー,http://db.netkeiba.com/horse/2010102198/
クィーンズベスト,http://db.netkeiba.com/horse/2013106130/
クイーンズポケット,http://db.netkeiba.com/horse/2014102861/
クイーンズリング,http://db.netkeiba.com/horse/2012104105/
クィーンズロード,http://db.netkeiba.com/horse/2014110103/
クイーンソンリッサ,http://db.netkeiba.com/horse/2016104531/
クイーンダワジャー,http://db.netkeiba.com/horse/2015101661/
クィーンチャーム,http://db.netkeiba.com/horse/2012103980/
クイーンディアス,http://db.netkeiba.com/horse/2015105541/
クィーンビー,http://db.netkeiba.com/horse/2013101630/
クイーンマンボ,http://db.netkeiba.com/horse/2014104424/
グヴィアズダ,http://db.netkeiba.com/horse/2015104344/
クェスタボルタ,http://db.netkeiba.com/horse/2015103865/
クエリ,http://db.netkeiba.com/horse/2013100006/
グエンザップ,http://db.netkeiba.com/horse/2012102352/
クエントアスール,http://db.netkeiba.com/horse/2015105355/
クオリティスタート,http://db.netkeiba.com/horse/2014105903/
クォーターイモン,http://db.netkeiba.com/horse/2015106439/
クォーターバック,http://db.netkeiba.com/horse/2015100952/
クオーレカルド,http://db.netkeiba.com/horse/2015102529/
クオーレフォルテ,http://db.netkeiba.com/horse/2010103440/
クギヅケ,http://db.netkeiba.com/horse/2013105058/
ククリナイフ,http://db.netkeiba.com/horse/2015101947/
ククリヒメ,http://db.netkeiba.com/horse/2010106007/
ククルカン,http://db.netkeiba.com/horse/2015101861/
クグロフ,http://db.netkeiba.com/horse/2015105828/
クゲ,http://db.netkeiba.com/horse/2013102620/
クシナダヒメ,http://db.netkeiba.com/horse/2015105465/
クスリバコ,http://db.netkeiba.com/horse/2015103018/
クッキーシュガー,http://db.netkeiba.com/horse/2014104918/
グッジョブハニー,http://db.netkeiba.com/horse/2015100861/
グッディインベスト,http://db.netkeiba.com/horse/2014101622/
グッディソング,http://db.netkeiba.com/horse/2015102172/
グッドアビリティ,http://db.netkeiba.com/horse/2014105092/
グッドオー,http://db.netkeiba.com/horse/2011105481/
グッドキャスト,http://db.netkeiba.com/horse/2015100201/
グッドグッドグッド,http://db.netkeiba.com/horse/2015100770/
グッドグラッド,http://db.netkeiba.com/horse/2009105621/
グットクルサマー,http://db.netkeiba.com/horse/2015104524/
グッドジュエリー,http://db.netkeiba.com/horse/2015102413/
グッドスカイ,http://db.netkeiba.com/horse/2013106062/
グットトキメク,http://db.netkeiba.com/horse/2013104382/
グットドディユ,http://db.netkeiba.com/horse/2013104804/
グッドバディー,http://db.netkeiba.com/horse/2011105858/
グッドパートナー,http://db.netkeiba.com/horse/2014104624/
グッドヒューマー,http://db.netkeiba.com/horse/2014100370/
グッドフェローズ,http://db.netkeiba.com/horse/2014104790/
グットホープ,http://db.netkeiba.com/horse/2015106103/
グッドミル,http://db.netkeiba.com/horse/2014100632/
グッドモーメント,http://db.netkeiba.com/horse/2015106459/
グッドラックサマー,http://db.netkeiba.com/horse/2014104230/
グッドワークス,http://db.netkeiba.com/horse/2015102468/
グッバイサマー,http://db.netkeiba.com/horse/2014100994/
グッバイデイズ,http://db.netkeiba.com/horse/2015100483/
クティノス,http://db.netkeiba.com/horse/2014100672/
クドース,http://db.netkeiba.com/horse/2012103176/
クナップフラウ,http://db.netkeiba.com/horse/2015104116/
クナルゲニアール,http://db.netkeiba.com/horse/2015104737/
クニサキオペラ,http://db.netkeiba.com/horse/2011106612/
クニサキパパオモイ,http://db.netkeiba.com/horse/2013101355/
クニサキホイヘンス,http://db.netkeiba.com/horse/2015101915/
クニノオーシャン,http://db.netkeiba.com/horse/2015101838/
クニムラマカニ,http://db.netkeiba.com/horse/2014100006/
グノーシス,http://db.netkeiba.com/horse/2015103873/
クバノココロ,http://db.netkeiba.com/horse/2013105005/
クピド,http://db.netkeiba.com/horse/2012103306/
クベーラ,http://db.netkeiba.com/horse/2012100971/
グマナスティ,http://db.netkeiba.com/horse/2014103281/
クマリ,http://db.netkeiba.com/horse/2014106534/
クミチャン,http://db.netkeiba.com/horse/2009101178/
クモノカヨイジ,http://db.netkeiba.com/horse/2014102949/
クライオブザソウル,http://db.netkeiba.com/horse/2015100901/
クライシス,http://db.netkeiba.com/horse/2013101817/
クライスマイル,http://db.netkeiba.com/horse/2011104489/
クライフォザムーン,http://db.netkeiba.com/horse/2009101030/
クライフォーローズ,http://db.netkeiba.com/horse/2014110073/
クライフターン,http://db.netkeiba.com/horse/2013103099/
クライベイビー,http://db.netkeiba.com/horse/2014105271/
クライムフォンテン,http://db.netkeiba.com/horse/2008102476/
クライムメジャー,http://db.netkeiba.com/horse/2014102878/
グラヴィオーラ,http://db.netkeiba.com/horse/2015100641/
クラヴィクトリー,http://db.netkeiba.com/horse/2012101221/
グラヴィティーノ,http://db.netkeiba.com/horse/2014104721/
クラヴィーア,http://db.netkeiba.com/horse/2003104108/
グラウス,http://db.netkeiba.com/horse/2013102924/
クラウドチェンバー,http://db.netkeiba.com/horse/2009106357/
クラウニングデイ,http://db.netkeiba.com/horse/2014104581/
クラウニングラック,http://db.netkeiba.com/horse/2014101728/
グラウベン,http://db.netkeiba.com/horse/1991103081/
グラウラー,http://db.netkeiba.com/horse/2013103111/
クラウンアイリス,http://db.netkeiba.com/horse/2011109160/
クラウンアゲン,http://db.netkeiba.com/horse/2013104907/
クラウンヴォルカン,http://db.netkeiba.com/horse/2013100224/
クラウンエイトドア,http://db.netkeiba.com/horse/2013109052/
クラウンエンジニア,http://db.netkeiba.com/horse/2015101242/
クラウンカイザー,http://db.netkeiba.com/horse/2009104499/
クラウンカーネル,http://db.netkeiba.com/horse/2014101844/
クラウンクラシック,http://db.netkeiba.com/horse/2015101240/
クラウングレイス,http://db.netkeiba.com/horse/2013101600/
クラウンコルデーロ,http://db.netkeiba.com/horse/2013101097/
クラウンザクラウン,http://db.netkeiba.com/horse/2009104839/
クラウンサングリア,http://db.netkeiba.com/horse/2013106234/
クラウンシトラス,http://db.netkeiba.com/horse/2012106347/
クラウンシャイン,http://db.netkeiba.com/horse/2012105988/
クラウンジャミール,http://db.netkeiba.com/horse/2015103262/
クラウンジュエリー,http://db.netkeiba.com/horse/2014103543/
クラウンシュバルツ,http://db.netkeiba.com/horse/2010109011/
クラウンジョイア,http://db.netkeiba.com/horse/2014101839/
クラウンスカイ,http://db.netkeiba.com/horse/2013101866/
クラウンチャンプ,http://db.netkeiba.com/horse/2015101241/
クラウンディバイダ,http://db.netkeiba.com/horse/2013103687/
クラウンテイラー,http://db.netkeiba.com/horse/2012106080/
クラウンデピュティ,http://db.netkeiba.com/horse/2011102100/
クラウントゥレス,http://db.netkeiba.com/horse/2014101841/
クラウンドヘッド,http://db.netkeiba.com/horse/2013100328/
クラウンドリーム,http://db.netkeiba.com/horse/2013101871/
クラウンネロ,http://db.netkeiba.com/horse/2013101227/
クラウンノキミ,http://db.netkeiba.com/horse/2012106189/
クラウンハイト,http://db.netkeiba.com/horse/2014102788/
クラウンバローズ,http://db.netkeiba.com/horse/2014102001/
クラウンハンター,http://db.netkeiba.com/horse/2013100181/
クラウンビジュー,http://db.netkeiba.com/horse/2012105382/
クラウンビュレット,http://db.netkeiba.com/horse/2010103359/
クラウンフレイム,http://db.netkeiba.com/horse/2012101215/
クラウンホイール,http://db.netkeiba.com/horse/2013101663/
クラウンボルチモア,http://db.netkeiba.com/horse/2013101339/
クラウンマグマ,http://db.netkeiba.com/horse/2013105754/
クラウンマックス,http://db.netkeiba.com/horse/2014101845/
クラウンマヒコス,http://db.netkeiba.com/horse/2012101216/
クラウンミネリ,http://db.netkeiba.com/horse/2012100945/
クラウンミリオン,http://db.netkeiba.com/horse/2015101244/
クラウンムーン,http://db.netkeiba.com/horse/2013101341/
クラウンラーク,http://db.netkeiba.com/horse/2013100086/
クラウンラーテル,http://db.netkeiba.com/horse/2013104345/
クラウンリシャール,http://db.netkeiba.com/horse/2014101840/
クラウンルシフェル,http://db.netkeiba.com/horse/2011100215/
クラウンレガシー,http://db.netkeiba.com/horse/2015101235/
クラウンレガーロ,http://db.netkeiba.com/horse/2010105639/
クラウンロベルト,http://db.netkeiba.com/horse/2012105848/
クラウンロマン,http://db.netkeiba.com/horse/2013102133/
クラウンローチ,http://db.netkeiba.com/horse/2015103629/
クラカルメン,http://db.netkeiba.com/horse/2009102346/
クラキングス,http://db.netkeiba.com/horse/2014101847/
クラキングダム,http://db.netkeiba.com/horse/2013100228/
クラコンボイ,http://db.netkeiba.com/horse/2015101247/
クラサイレント,http://db.netkeiba.com/horse/2012101222/
クラシカルノヴァ,http://db.netkeiba.com/horse/2008102421/
クラシカルレディ,http://db.netkeiba.com/horse/2014101304/
クラシコ,http://db.netkeiba.com/horse/2012104581/
クラシコテーラー,http://db.netkeiba.com/horse/2014104309/
クラシックマーク,http://db.netkeiba.com/horse/2011106573/
クラシックメタル,http://db.netkeiba.com/horse/2011103988/
クラシックリディア,http://db.netkeiba.com/horse/2013106059/
グラシュー,http://db.netkeiba.com/horse/2014102303/
グラスアクト,http://db.netkeiba.com/horse/2013102378/
グラスヴェール,http://db.netkeiba.com/horse/2014101783/
グラスウォリアー,http://db.netkeiba.com/horse/2013104998/
グラスエトワール,http://db.netkeiba.com/horse/2012102978/
グラスオニオン,http://db.netkeiba.com/horse/2014101910/
グラスキューティー,http://db.netkeiba.com/horse/2015102072/
グラスグローリー,http://db.netkeiba.com/horse/2007106204/
グラスコマチ,http://db.netkeiba.com/horse/2015106257/
グラスサファイヤ,http://db.netkeiba.com/horse/2014102573/
グラスジャンヌ,http://db.netkeiba.com/horse/2015102996/
グラスセイヴァー,http://db.netkeiba.com/horse/2013104870/
グラスセレーネ,http://db.netkeiba.com/horse/2014105140/
グラスチャンプ,http://db.netkeiba.com/horse/2015102460/
グラスドルチェ,http://db.netkeiba.com/horse/2013105861/
グラスノーブル,http://db.netkeiba.com/horse/2014102606/
グラスハーモニー,http://db.netkeiba.com/horse/2014102605/
グラスブルース,http://db.netkeiba.com/horse/2014104550/
グラスルーチェ,http://db.netkeiba.com/horse/2014101182/
グラスルーナ,http://db.netkeiba.com/horse/2015102459/
グラスレオ,http://db.netkeiba.com/horse/2015102071/
グラスレガシー,http://db.netkeiba.com/horse/2015105725/
グラスレグナム,http://db.netkeiba.com/horse/2013104871/
クラセイジョ,http://db.netkeiba.com/horse/2013100230/
グラチダオン,http://db.netkeiba.com/horse/2015103061/
クラッシーデイム,http://db.netkeiba.com/horse/2014103424/
グラッチェ,http://db.netkeiba.com/horse/2014109044/
クラッチヒッター,http://db.netkeiba.com/horse/1991107027/
グラッツェミーレ,http://db.netkeiba.com/horse/2015102666/
グラットシエル,http://db.netkeiba.com/horse/2014105320/
グラッブユアコート,http://db.netkeiba.com/horse/2012104210/
グラッブユアダイヤ,http://db.netkeiba.com/horse/2014105477/
グラディス,http://db.netkeiba.com/horse/2012105460/
グラティチュード,http://db.netkeiba.com/horse/2013104123/
グラディーヴァ,http://db.netkeiba.com/horse/2016104736/
グラディート,http://db.netkeiba.com/horse/2016101131/
クラデジャブー,http://db.netkeiba.com/horse/2011100220/
グラデュエイト,http://db.netkeiba.com/horse/2015105958/
グラドゥアーレ,http://db.netkeiba.com/horse/2014105814/
クラトキン,http://db.netkeiba.com/horse/2015101246/
クラトリガー,http://db.netkeiba.com/horse/2014101848/
クラバウターマン,http://db.netkeiba.com/horse/2011109137/
クラバズーカー,http://db.netkeiba.com/horse/2012101223/
グラビット,http://db.netkeiba.com/horse/2015104736/
グラファイト,http://db.netkeiba.com/horse/2015104302/
グラブザゴールド,http://db.netkeiba.com/horse/2014105560/
クラフツマンシップ,http://db.netkeiba.com/horse/2015102774/
クラプトン,http://db.netkeiba.com/horse/2014103924/
クラベエ,http://db.netkeiba.com/horse/2013100229/
クラベストダンサー,http://db.netkeiba.com/horse/2000105812/
グラマシー,http://db.netkeiba.com/horse/2014104652/
グラマシーパーク,http://db.netkeiba.com/horse/2012104863/
グラマラスライフ,http://db.netkeiba.com/horse/2015104977/
グラミスキャッスル,http://db.netkeiba.com/horse/2013104449/
クラミネルヴァ,http://db.netkeiba.com/horse/2012101219/
クラムチャウダー,http://db.netkeiba.com/horse/2004100961/
クララフトゥーラ,http://db.netkeiba.com/horse/2014100438/
クラリティシチー,http://db.netkeiba.com/horse/2011106372/
クラリティスカイ,http://db.netkeiba.com/horse/2012106160/
クラリテディーオ,http://db.netkeiba.com/horse/2015101696/
クラルテアンジュ,http://db.netkeiba.com/horse/2013103181/
クラレッサ,http://db.netkeiba.com/horse/2015105346/
グランアッシュ,http://db.netkeiba.com/horse/2015102397/
グランアラミス,http://db.netkeiba.com/horse/2012102675/
グランアルバス,http://db.netkeiba.com/horse/2013100932/
グランアルマダ,http://db.netkeiba.com/horse/2012104926/
グランイーグル,http://db.netkeiba.com/horse/2014101523/
グランヴァン,http://db.netkeiba.com/horse/2009100676/
グランウブロ,http://db.netkeiba.com/horse/2014100276/
グランエクシト,http://db.netkeiba.com/horse/2015102253/
グランエルブ,http://db.netkeiba.com/horse/2014106368/
グランオーラ,http://db.netkeiba.com/horse/2015109038/
グランカナーレ,http://db.netkeiba.com/horse/2015100156/
クランキングアップ,http://db.netkeiba.com/horse/2011103395/
グランサム,http://db.netkeiba.com/horse/2015104927/
グランサージュ,http://db.netkeiba.com/horse/2015105527/
グランシェフ,http://db.netkeiba.com/horse/2012104587/
グランシェリー,http://db.netkeiba.com/horse/2011105974/
グランシェーヌ,http://db.netkeiba.com/horse/2015103241/
グランシャピトー,http://db.netkeiba.com/horse/2016100110/
グランシャリオ,http://db.netkeiba.com/horse/2012104173/
グランジャー,http://db.netkeiba.com/horse/1995100677/
グランシュマン,http://db.netkeiba.com/horse/2015104091/
グランシルク,http://db.netkeiba.com/horse/2012104915/
グランスーリール,http://db.netkeiba.com/horse/2013100065/
グランセノーテ,http://db.netkeiba.com/horse/2013104027/
グランセブルス,http://db.netkeiba.com/horse/2013104209/
グランソード,http://db.netkeiba.com/horse/2015103151/
グランチャーム,http://db.netkeiba.com/horse/2005105848/
グランティエラ,http://db.netkeiba.com/horse/2014105232/
グランテイオー,http://db.netkeiba.com/horse/2013101136/
グランディオーソ,http://db.netkeiba.com/horse/2009105651/
グランディスカーペ,http://db.netkeiba.com/horse/2015100057/
グランディフローラ,http://db.netkeiba.com/horse/2012104364/
グランデウィーク,http://db.netkeiba.com/horse/2015106177/
グランデヴェーネレ,http://db.netkeiba.com/horse/2014100213/
グランデソング,http://db.netkeiba.com/horse/2012102610/
グランデボーボー,http://db.netkeiba.com/horse/2013102471/
グランデミノル,http://db.netkeiba.com/horse/2015100311/
クランデール,http://db.netkeiba.com/horse/2012104695/
グランドエポワール,http://db.netkeiba.com/horse/2014102060/
グランドエンジェル,http://db.netkeiba.com/horse/2011101921/
グランドガール,http://db.netkeiba.com/horse/2014103585/
グランドサッシュ,http://db.netkeiba.com/horse/2011103702/
グランドスピリッツ,http://db.netkeiba.com/horse/2012102585/
グランドバローズ,http://db.netkeiba.com/horse/2013105545/
グランドピルエット,http://db.netkeiba.com/horse/2015104337/
グランドファルコン,http://db.netkeiba.com/horse/2014103630/
グランドフサイチ,http://db.netkeiba.com/horse/2015102850/
グランドプライズ,http://db.netkeiba.com/horse/2005102900/
グランドボヌール,http://db.netkeiba.com/horse/2014104369/
グランドポピー,http://db.netkeiba.com/horse/2012105609/
グランドリビエール,http://db.netkeiba.com/horse/2011101619/
グランドレビュー,http://db.netkeiba.com/horse/2015105814/
グランドレユシー,http://db.netkeiba.com/horse/2015103424/
グランドロワ,http://db.netkeiba.com/horse/2014103032/
グランノーブル,http://db.netkeiba.com/horse/2013106322/
グランパルファン,http://db.netkeiba.com/horse/2013102002/
グランハーモニー,http://db.netkeiba.com/horse/2013101127/
グランフィデリオ,http://db.netkeiba.com/horse/2011100294/
グランフィーユ,http://db.netkeiba.com/horse/2014105263/
グランフェルメール,http://db.netkeiba.com/horse/2015109039/
グランプリアクセル,http://db.netkeiba.com/horse/2013103396/
グランプリシップ,http://db.netkeiba.com/horse/2014104639/
グランプリビッグ,http://db.netkeiba.com/horse/2013103530/
グランフルール,http://db.netkeiba.com/horse/1988105567/
グランポルトス,http://db.netkeiba.com/horse/2012100066/
グランマシェリ,http://db.netkeiba.com/horse/2015102503/
クランモンタナ,http://db.netkeiba.com/horse/2009105738/
グランユニヴェール,http://db.netkeiba.com/horse/2013104388/
グランラファル,http://db.netkeiba.com/horse/2009100137/
グランリゲル,http://db.netkeiba.com/horse/2013100131/
グランリリー,http://db.netkeiba.com/horse/2014104491/
グランロジエ,http://db.netkeiba.com/horse/2015105039/
グランロックハート,http://db.netkeiba.com/horse/2015103697/
グランロディア,http://db.netkeiba.com/horse/2012101297/
クラークキー,http://db.netkeiba.com/horse/2014100485/
クラージュドール,http://db.netkeiba.com/horse/2010104507/
クラージュマクシマ,http://db.netkeiba.com/horse/2014106310/
グラーティア,http://db.netkeiba.com/horse/2013103640/
グラーヌス,http://db.netkeiba.com/horse/2015102931/
グラーネ,http://db.netkeiba.com/horse/2009106090/
クラールハーモニー,http://db.netkeiba.com/horse/2014104125/
クリアザコースト,http://db.netkeiba.com/horse/2011104468/
クリアザトラック,http://db.netkeiba.com/horse/2014105897/
クリアロマンス,http://db.netkeiba.com/horse/2015102455/
クリアーウェイ,http://db.netkeiba.com/horse/2013100399/
グリエルマ,http://db.netkeiba.com/horse/2015101857/
クリシュナ,http://db.netkeiba.com/horse/1991106736/
クリスアンジェロ,http://db.netkeiba.com/horse/2015102194/
クリスエステソーロ,http://db.netkeiba.com/horse/2015105392/
クリスタルガーデン,http://db.netkeiba.com/horse/2013105054/
クリスタルキャノン,http://db.netkeiba.com/horse/2013104481/
クリスタルシャイン,http://db.netkeiba.com/horse/1995100766/
クリスタルシルバー,http://db.netkeiba.com/horse/2015100109/
クリスタルタイソン,http://db.netkeiba.com/horse/2013100547/
クリスタルテーラー,http://db.netkeiba.com/horse/2013105449/
クリスタルバブルス,http://db.netkeiba.com/horse/2014102133/
クリスティヴィッツ,http://db.netkeiba.com/horse/2014103805/
クリスティーナ,http://db.netkeiba.com/horse/2012102791/
クリストフォリ,http://db.netkeiba.com/horse/2015104958/
クリスフォンテン,http://db.netkeiba.com/horse/2010103574/
グリズリダンス,http://db.netkeiba.com/horse/2015100063/
クリソライト,http://db.netkeiba.com/horse/2010104098/
グリターテソーロ,http://db.netkeiba.com/horse/2014110094/
グリッシーニ,http://db.netkeiba.com/horse/2015106339/
グリッタードリーム,http://db.netkeiba.com/horse/2014105299/
グリッターパール,http://db.netkeiba.com/horse/2011102880/
クリップスプリンガ,http://db.netkeiba.com/horse/2014100916/
クリデュクール,http://db.netkeiba.com/horse/2014106079/
グリトニル,http://db.netkeiba.com/horse/2014101390/
グリニカ,http://db.netkeiba.com/horse/2014102524/
グリニッチヴィレジ,http://db.netkeiba.com/horse/2013103941/
クリノアスカ,http://db.netkeiba.com/horse/2014103127/
クリノアスコット,http://db.netkeiba.com/horse/2015101936/
クリノアパッチ,http://db.netkeiba.com/horse/2014100273/
クリノアマテラス,http://db.netkeiba.com/horse/2016109028/
クリノアリエル,http://db.netkeiba.com/horse/2015102745/
クリノアルハンブラ,http://db.netkeiba.com/horse/2013109048/
クリノアローハ,http://db.netkeiba.com/horse/2013102076/
クリノアンジュ,http://db.netkeiba.com/horse/2013100223/
クリノアントニヌス,http://db.netkeiba.com/horse/2014102122/
クリノアンヌ,http://db.netkeiba.com/horse/2014102612/
クリノアンボワーズ,http://db.netkeiba.com/horse/2013100754/
クリノイサベル,http://db.netkeiba.com/horse/2014102622/
クリノイダテン,http://db.netkeiba.com/horse/2015102095/
クリノイナヅマオー,http://db.netkeiba.com/horse/2016102884/
クリノヴィクトリア,http://db.netkeiba.com/horse/2014109007/
クリノヴィグラス,http://db.netkeiba.com/horse/2015100134/
クリノウィルディス,http://db.netkeiba.com/horse/2015101285/
クリノヴェルサイユ,http://db.netkeiba.com/horse/2013102681/
クリノエベレスト,http://db.netkeiba.com/horse/2010105699/
クリノエリザベッタ,http://db.netkeiba.com/horse/2015103964/
クリノオウジャ,http://db.netkeiba.com/horse/2016102102/
クリノオンリーワン,http://db.netkeiba.com/horse/2016103785/
クリノガウディー,http://db.netkeiba.com/horse/2016103690/
クリノカグヤヒメ,http://db.netkeiba.com/horse/2014105547/
クリノカサット,http://db.netkeiba.com/horse/2015102013/
クリノカッシミー,http://db.netkeiba.com/horse/2014101533/
クリノカッチャン,http://db.netkeiba.com/horse/2016103624/
クリノカナロアオー,http://db.netkeiba.com/horse/2015102746/
クリノカポネ,http://db.netkeiba.com/horse/2015101581/
クリノカリビアン,http://db.netkeiba.com/horse/2016100165/
クリノカンパニー,http://db.netkeiba.com/horse/2011100943/
クリノカーロ,http://db.netkeiba.com/horse/2015101219/
クリノキングムーン,http://db.netkeiba.com/horse/2011105541/
クリノグランデ,http://db.netkeiba.com/horse/2010106519/
クリノクリストフ,http://db.netkeiba.com/horse/2015106404/
クリノクルミチャン,http://db.netkeiba.com/horse/2016103535/
クリノグレイト,http://db.netkeiba.com/horse/2016102776/
クリノクロンボー,http://db.netkeiba.com/horse/2013100193/
クリノクーニング,http://db.netkeiba.com/horse/2015102743/
クリノケンリュウ,http://db.netkeiba.com/horse/2014103971/
クリノコマチ,http://db.netkeiba.com/horse/2011101002/
クリノゴーギャン,http://db.netkeiba.com/horse/2015106219/
クリノザビエル,http://db.netkeiba.com/horse/2015101441/
クリノサンスーシ,http://db.netkeiba.com/horse/2013100214/
クリノサンレオ,http://db.netkeiba.com/horse/2013100975/
クリノジェイド,http://db.netkeiba.com/horse/2014101339/
クリノシャンティイ,http://db.netkeiba.com/horse/2013101975/
クリノシャンボール,http://db.netkeiba.com/horse/2013102547/
クリノジュロウジン,http://db.netkeiba.com/horse/2011101382/
クリノジョヴァンナ,http://db.netkeiba.com/horse/2015106011/
クリノショウグン,http://db.netkeiba.com/horse/2016102572/
クリノショウスーシ,http://db.netkeiba.com/horse/2012105356/
クリノジョーカー,http://db.netkeiba.com/horse/2016103691/
クリノシラヌイ,http://db.netkeiba.com/horse/2016105090/
クリノスイートピー,http://db.netkeiba.com/horse/2012106382/
クリノスターオー,http://db.netkeiba.com/horse/2010100855/
クリノストロング,http://db.netkeiba.com/horse/2016100092/
クリノスーアンコー,http://db.netkeiba.com/horse/2012101961/
クリノセゴビア,http://db.netkeiba.com/horse/2013102680/
クリノセザンヌ,http://db.netkeiba.com/horse/2015102955/
クリノセッシュウ,http://db.netkeiba.com/horse/2015101485/
クリノゼノビア,http://db.netkeiba.com/horse/2014103980/
クリノダイコクテン,http://db.netkeiba.com/horse/2011100420/
クリノダイスーシー,http://db.netkeiba.com/horse/2012100997/
クリノダイヤモンド,http://db.netkeiba.com/horse/2015103920/
クリノダヴィンチ,http://db.netkeiba.com/horse/2014104730/
クリノタカラモノ,http://db.netkeiba.com/horse/2015106511/
クリノタブマン,http://db.netkeiba.com/horse/2014109026/
クリノタモンテン,http://db.netkeiba.com/horse/2015102090/
クリノチクバオー,http://db.netkeiba.com/horse/2012106046/
クリノチュウレンポ,http://db.netkeiba.com/horse/2012103303/
クリノチョモラーリ,http://db.netkeiba.com/horse/2010106460/
クリノチーホー,http://db.netkeiba.com/horse/2012102036/
クリノテンホー,http://db.netkeiba.com/horse/2012104986/
クリノドドンパ,http://db.netkeiba.com/horse/2016101182/
クリノナポレオン,http://db.netkeiba.com/horse/2014109065/
クリノハッチャン,http://db.netkeiba.com/horse/2011100941/
クリノハプスブルク,http://db.netkeiba.com/horse/2014109037/
クリノハミルトン,http://db.netkeiba.com/horse/2014103257/
クリノハリウッド,http://db.netkeiba.com/horse/2014101200/
クリノハリソン,http://db.netkeiba.com/horse/2016106462/
クリノバルセロナ,http://db.netkeiba.com/horse/2016103791/
クリノバルテュス,http://db.netkeiba.com/horse/2015101217/
クリノビッグサージ,http://db.netkeiba.com/horse/2016109066/
クリノヒビキ,http://db.netkeiba.com/horse/2015103766/
クリノヒマラヤオー,http://db.netkeiba.com/horse/2010100338/
クリノヒミコ,http://db.netkeiba.com/horse/2014104175/
クリノピョートル,http://db.netkeiba.com/horse/2014103978/
クリノピンクダイヤ,http://db.netkeiba.com/horse/2016109148/
クリノフウジン,http://db.netkeiba.com/horse/2014106361/
クリノフクロクジュ,http://db.netkeiba.com/horse/2011102964/
クリノブショウサマ,http://db.netkeiba.com/horse/2015103180/
クリノフラゴナール,http://db.netkeiba.com/horse/2015101218/
クリノブラックオー,http://db.netkeiba.com/horse/2016103689/
クリノフラッシュ,http://db.netkeiba.com/horse/2015101447/
クリノプラハ,http://db.netkeiba.com/horse/2013100430/
クリノブラビッシモ,http://db.netkeiba.com/horse/2013101760/
クリノフルボカー,http://db.netkeiba.com/horse/2013100191/
クリノベイクイーン,http://db.netkeiba.com/horse/2016100415/
クリノヘプバーン,http://db.netkeiba.com/horse/2015103547/
クリノベロニカ,http://db.netkeiba.com/horse/2016101345/
クリノペーテルス,http://db.netkeiba.com/horse/2015101851/
クリノホテイソン,http://db.netkeiba.com/horse/2011200002/
クリノボルサリーノ,http://db.netkeiba.com/horse/2016105856/
クリノマルボルク,http://db.netkeiba.com/horse/2013100974/
クリノマンジェリカ,http://db.netkeiba.com/horse/2016100890/
クリノマンチェスー,http://db.netkeiba.com/horse/2015101428/
クリノミユキチャン,http://db.netkeiba.com/horse/2011105525/
クリノメルクリウス,http://db.netkeiba.com/horse/2013105430/
クリノモリゾ,http://db.netkeiba.com/horse/2015100153/
クリノモンロー,http://db.netkeiba.com/horse/2015109043/
クリノヤマトノオー,http://db.netkeiba.com/horse/2014104922/
クリノヤンソン,http://db.netkeiba.com/horse/2015109005/
クリノユナチャン,http://db.netkeiba.com/horse/2015100443/
クリノユメジ,http://db.netkeiba.com/horse/2015102082/
クリノライジン,http://db.netkeiba.com/horse/2016102410/
クリノライメイ,http://db.netkeiba.com/horse/2014101827/
クリノラホール,http://db.netkeiba.com/horse/2013101040/
クリノリトミシュル,http://db.netkeiba.com/horse/2013100904/
クリノリトルスター,http://db.netkeiba.com/horse/2016103682/
クリノリーズ,http://db.netkeiba.com/horse/2013101990/
クリノリーソクツモ,http://db.netkeiba.com/horse/2012101723/
クリノリーチソク,http://db.netkeiba.com/horse/2012105343/
クリノルイーザ,http://db.netkeiba.com/horse/2014102623/
クリノルーベンス,http://db.netkeiba.com/horse/2015101314/
クリノレイステル,http://db.netkeiba.com/horse/2015102011/
クリノレオノール,http://db.netkeiba.com/horse/2014102329/
クリノロケットマン,http://db.netkeiba.com/horse/2016102888/
クリノロスメルタ,http://db.netkeiba.com/horse/2011103882/
クリノロマン,http://db.netkeiba.com/horse/2000107694/
クリノロワイヤル,http://db.netkeiba.com/horse/2014100119/
クリノローランサン,http://db.netkeiba.com/horse/2015102744/
クリビツテンギョ,http://db.netkeiba.com/horse/2009102879/
グリフレット,http://db.netkeiba.com/horse/2014105393/
クリミアタイガー,http://db.netkeiba.com/horse/2013105821/
クリムズンフラッグ,http://db.netkeiba.com/horse/2015106345/
クリムゾンバローズ,http://db.netkeiba.com/horse/2013101531/
グリュイエール,http://db.netkeiba.com/horse/2012104541/
クリュティエ,http://db.netkeiba.com/horse/2014104260/
グリュナシュテアン,http://db.netkeiba.com/horse/2014103490/
クリルカレント,http://db.netkeiba.com/horse/2013105868/
クリンクリン,http://db.netkeiba.com/horse/2013101617/
クリンチャー,http://db.netkeiba.com/horse/2014100656/
グリントオブライト,http://db.netkeiba.com/horse/2013105769/
グリンパール,http://db.netkeiba.com/horse/2014102774/
グリーティングワン,http://db.netkeiba.com/horse/2010100656/
グリードグッド,http://db.netkeiba.com/horse/2014103105/
クリーミーリッチ,http://db.netkeiba.com/horse/2014103530/
クリームヒルト,http://db.netkeiba.com/horse/1987102089/
クリールジェニー,http://db.netkeiba.com/horse/2012100861/
クリーンアイリス,http://db.netkeiba.com/horse/2010101567/
クリーンガーベラ,http://db.netkeiba.com/horse/2016102413/
グリーンジャケット,http://db.netkeiba.com/horse/2014105763/
グリーンソード,http://db.netkeiba.com/horse/2011105767/
クリーンチャンス,http://db.netkeiba.com/horse/2009105819/
クリーンファンキー,http://db.netkeiba.com/horse/2013100389/
グリーンマイル,http://db.netkeiba.com/horse/2012105661/
グリーンマイン,http://db.netkeiba.com/horse/2013105159/
グリーンマウンテン,http://db.netkeiba.com/horse/2012105250/
グリーンライト,http://db.netkeiba.com/horse/000a002fee/
クルイザキ,http://db.netkeiba.com/horse/2014106491/
クルクルティンクル,http://db.netkeiba.com/horse/2015100345/
グルグルドカン,http://db.netkeiba.com/horse/2012103686/
クルスブランカ,http://db.netkeiba.com/horse/2015104704/
クルセイズスピリツ,http://db.netkeiba.com/horse/2015106046/
グルタスマキシマス,http://db.netkeiba.com/horse/2014103555/
グルナ,http://db.netkeiba.com/horse/2016106597/
グルーヴィタイム,http://db.netkeiba.com/horse/2013106163/
クルーガー,http://db.netkeiba.com/horse/2012104508/
クルークヴァール,http://db.netkeiba.com/horse/2015104753/
クルークハイト,http://db.netkeiba.com/horse/2014105833/
グルース,http://db.netkeiba.com/horse/2015106536/
クルーズヴォイス,http://db.netkeiba.com/horse/2015106291/
グルービーメテオ,http://db.netkeiba.com/horse/2009100596/
グルームアイランド,http://db.netkeiba.com/horse/2011102489/
クレアセンシェンス,http://db.netkeiba.com/horse/2015102645/
クレアチェイス,http://db.netkeiba.com/horse/2014105038/
クレアローズ,http://db.netkeiba.com/horse/2014100389/
クレアーフォンテン,http://db.netkeiba.com/horse/2012105003/
クレアーリヒ,http://db.netkeiba.com/horse/2013105218/
クレイヴソリッシュ,http://db.netkeiba.com/horse/2012104030/
クレイジーアクセル,http://db.netkeiba.com/horse/2015100160/
クレイジーインラヴ,http://db.netkeiba.com/horse/2013106437/
クレイジーダイヤ,http://db.netkeiba.com/horse/2015100951/
クレイジービクトリ,http://db.netkeiba.com/horse/2015100158/
クレイジームーン,http://db.netkeiba.com/horse/2015109097/
グレイスタイム,http://db.netkeiba.com/horse/2012102768/
グレイスニコ,http://db.netkeiba.com/horse/2014105586/
グレイスノート,http://db.netkeiba.com/horse/2013105406/
グレイスビクトリア,http://db.netkeiba.com/horse/2011102234/
グレイスフルデイズ,http://db.netkeiba.com/horse/2010103880/
グレイスフルリープ,http://db.netkeiba.com/horse/2010105860/
グレイスベルン,http://db.netkeiba.com/horse/2014103227/
グレイスマロン,http://db.netkeiba.com/horse/2013104043/
グレイスミノル,http://db.netkeiba.com/horse/2012100358/
グレイタグ,http://db.netkeiba.com/horse/2014103101/
グレイトチャーター,http://db.netkeiba.com/horse/2012100582/
グレイトデピュティ,http://db.netkeiba.com/horse/2014104591/
グレイトパール,http://db.netkeiba.com/horse/2013104508/
グレイトマキシマス,http://db.netkeiba.com/horse/2014100541/
グレイトレナウン,http://db.netkeiba.com/horse/2016100693/
グレイル,http://db.netkeiba.com/horse/2015104976/
グレイレジェンド,http://db.netkeiba.com/horse/2008103400/
クレヴァーパッチ,http://db.netkeiba.com/horse/2015103220/
クレオス,http://db.netkeiba.com/horse/2014105349/
クレスクント,http://db.netkeiba.com/horse/2013105802/
クレスコエルザ,http://db.netkeiba.com/horse/2012104207/
クレスコキングス,http://db.netkeiba.com/horse/2013105445/
クレスコシップ,http://db.netkeiba.com/horse/2014105474/
クレスコセイラン,http://db.netkeiba.com/horse/2015103981/
クレスコブレイブ,http://db.netkeiba.com/horse/2014105638/
クレスタラン,http://db.netkeiba.com/horse/2012101556/
クレストシチー,http://db.netkeiba.com/horse/2013102884/
クレセントシティー,http://db.netkeiba.com/horse/2015103596/
クレセントロール,http://db.netkeiba.com/horse/2014101609/
クレッシェンドラヴ,http://db.netkeiba.com/horse/2014104386/
クレディブル,http://db.netkeiba.com/horse/2015105627/
グレナディアーズ,http://db.netkeiba.com/horse/2011103788/
クレバーアポロ,http://db.netkeiba.com/horse/2009105489/
クレバーサンデー,http://db.netkeiba.com/horse/2007102161/
クレバーバード,http://db.netkeiba.com/horse/2015104174/
クレバーフォース,http://db.netkeiba.com/horse/2012103992/
クレバーペガサス,http://db.netkeiba.com/horse/2009100829/
クレバーレディー,http://db.netkeiba.com/horse/2015102993/
クレマンダルザス,http://db.netkeiba.com/horse/2013105898/
クレムフカ,http://db.netkeiba.com/horse/2014106372/
グレルグリーン,http://db.netkeiba.com/horse/2016100273/
グレンガイル,http://db.netkeiba.com/horse/2011103896/
グレンガリー,http://db.netkeiba.com/horse/2015104707/
グレンツェント,http://db.netkeiba.com/horse/2013106079/
グレンデール,http://db.netkeiba.com/horse/2011101411/
グレンフィナン,http://db.netkeiba.com/horse/2015104528/
グレンマクナス,http://db.netkeiba.com/horse/2014105748/
グレンラグーン,http://db.netkeiba.com/horse/2016100244/
クレージーバローズ,http://db.netkeiba.com/horse/2015103237/
グレースジョイ,http://db.netkeiba.com/horse/2014106459/
グレースジョワ,http://db.netkeiba.com/horse/2015101413/
グレースブーケ,http://db.netkeiba.com/horse/2013101305/
グレースミウ,http://db.netkeiba.com/horse/2015103396/
グレーターロンドン,http://db.netkeiba.com/horse/2012101402/
グレートウォリアー,http://db.netkeiba.com/horse/2015104975/
グレートウォール,http://db.netkeiba.com/horse/2013105836/
グレートエンパイア,http://db.netkeiba.com/horse/2013100502/
グレートコマンダー,http://db.netkeiba.com/horse/2014103574/
グレートシール,http://db.netkeiba.com/horse/2015110008/
グレートソード,http://db.netkeiba.com/horse/2011102342/
グレートタイム,http://db.netkeiba.com/horse/2015104571/
グレートバロン,http://db.netkeiba.com/horse/2014104359/
グレートヒット,http://db.netkeiba.com/horse/2013101840/
グレートブレス,http://db.netkeiba.com/horse/2012102766/
グレードラッシュ,http://db.netkeiba.com/horse/2013103307/
クレードラリュンヌ,http://db.netkeiba.com/horse/2014104838/
グレーパール,http://db.netkeiba.com/horse/2013105818/
グレーフィンソニア,http://db.netkeiba.com/horse/2016101260/
クレールソレイユ,http://db.netkeiba.com/horse/2014102090/
クロイダンガン,http://db.netkeiba.com/horse/1992105739/
グロウアイリス,http://db.netkeiba.com/horse/2015105942/
クロヴァージョ,http://db.netkeiba.com/horse/2014101432/
グロウインザダーク,http://db.netkeiba.com/horse/2013105541/
グログラン,http://db.netkeiba.com/horse/2015103592/
クロコサイレンス,http://db.netkeiba.com/horse/2009106673/
クロコスミア,http://db.netkeiba.com/horse/2013102955/
クロコダイルロック,http://db.netkeiba.com/horse/2013104129/
グロシュラライト,http://db.netkeiba.com/horse/2010103723/
クロスアヴェニュー,http://db.netkeiba.com/horse/2015101935/
クロスアミュレット,http://db.netkeiba.com/horse/2014105793/
クロスウィンド,http://db.netkeiba.com/horse/2015103679/
クロスカウンター,http://db.netkeiba.com/horse/2009101945/
クロスクランチ,http://db.netkeiba.com/horse/2011100249/
クロスケ,http://db.netkeiba.com/horse/2015100106/
クロスチェック,http://db.netkeiba.com/horse/2015105639/
クロスデスティニー,http://db.netkeiba.com/horse/2015105296/
クロスドミナンス,http://db.netkeiba.com/horse/2011104399/
クロックマダム,http://db.netkeiba.com/horse/2010103754/
クロックムッシュ,http://db.netkeiba.com/horse/2015104764/
グロッシュラー,http://db.netkeiba.com/horse/2012101754/
クロヅルストーリー,http://db.netkeiba.com/horse/2015109119/
クロツルバミ,http://db.netkeiba.com/horse/2014103929/
クロノスアリュール,http://db.netkeiba.com/horse/2012105928/
クロノスタシス,http://db.netkeiba.com/horse/2013105857/
クロノスドリーム,http://db.netkeiba.com/horse/2014100792/
クロノスバローズ,http://db.netkeiba.com/horse/2012103700/
クロヒゲ,http://db.netkeiba.com/horse/2011105550/
クロヒョウ,http://db.netkeiba.com/horse/2007101091/
クロフネエアロール,http://db.netkeiba.com/horse/2012101692/
クロフネジョウ,http://db.netkeiba.com/horse/2014100450/
クロフネビームス,http://db.netkeiba.com/horse/2012101889/
クロフネプリンセス,http://db.netkeiba.com/horse/2015101327/
クロフネフリート,http://db.netkeiba.com/horse/2011100416/
クロフネライコウ,http://db.netkeiba.com/horse/2015102593/
クロマメ,http://db.netkeiba.com/horse/2003103999/
クロユリマイカ,http://db.netkeiba.com/horse/2016102384/
グロリアスウィナー,http://db.netkeiba.com/horse/2013106236/
グロリアスメーカー,http://db.netkeiba.com/horse/2013104802/
グロリアバローズ,http://db.netkeiba.com/horse/2012106248/
グロリアフライト,http://db.netkeiba.com/horse/2015103672/
グロリーゼファー,http://db.netkeiba.com/horse/2014102525/
クロワッサン,http://db.netkeiba.com/horse/2010105519/
グロワールシチー,http://db.netkeiba.com/horse/2014101964/
グロンディオーズ,http://db.netkeiba.com/horse/2015104797/
クロンヌデトワール,http://db.netkeiba.com/horse/2015106290/
グロンフォール,http://db.netkeiba.com/horse/2015104750/
クロンプリンツ,http://db.netkeiba.com/horse/2015104561/
クロークス,http://db.netkeiba.com/horse/2013106066/
クローザー,http://db.netkeiba.com/horse/2012100579/
グロースアルティヒ,http://db.netkeiba.com/horse/2014106435/
クロースフレンド,http://db.netkeiba.com/horse/2013105658/
クロースリーニット,http://db.netkeiba.com/horse/2014110015/
クローソー,http://db.netkeiba.com/horse/2012104802/
クローディオ,http://db.netkeiba.com/horse/2012104657/
クローディーヌ,http://db.netkeiba.com/horse/2013106104/
クローヌドフルール,http://db.netkeiba.com/horse/2012104478/
グローバルビジネス,http://db.netkeiba.com/horse/2015105904/
グローバルヒル,http://db.netkeiba.com/horse/2014109039/
グローバルリーチ,http://db.netkeiba.com/horse/2015106092/
クローバーレッド,http://db.netkeiba.com/horse/2015106304/
グローブシアター,http://db.netkeiba.com/horse/2014105957/
グローリアスアニモ,http://db.netkeiba.com/horse/2014104018/
グローリアスアリア,http://db.netkeiba.com/horse/2014104124/
グローリアスアーク,http://db.netkeiba.com/horse/2012106313/
グローリアスエトナ,http://db.netkeiba.com/horse/2015102475/
グローリアスカント,http://db.netkeiba.com/horse/2014104083/
グローリアスガーラ,http://db.netkeiba.com/horse/2014100860/
グローリアスクロワ,http://db.netkeiba.com/horse/2013102398/
グローリアスザッツ,http://db.netkeiba.com/horse/2014106311/
グローリアスサード,http://db.netkeiba.com/horse/2015103806/
グローリアスゾーン,http://db.netkeiba.com/horse/2015100402/
グローリアスダイナ,http://db.netkeiba.com/horse/2015102349/
グローリアスブリス,http://db.netkeiba.com/horse/2013103142/
グローリアスペルレ,http://db.netkeiba.com/horse/2014104123/
グローリアスマリン,http://db.netkeiba.com/horse/2015100409/
グローリアスルナ,http://db.netkeiba.com/horse/2015106336/
グローリアスロウラ,http://db.netkeiba.com/horse/2013101278/
グローリング,http://db.netkeiba.com/horse/2015100999/
グローリーヴェイズ,http://db.netkeiba.com/horse/2015104063/
グローリーキング,http://db.netkeiba.com/horse/1996105445/
グローリーグローリ,http://db.netkeiba.com/horse/2015105502/
グローリーシェリー,http://db.netkeiba.com/horse/2015105163/
グローリーシャイン,http://db.netkeiba.com/horse/2015101176/
グローリーシーカー,http://db.netkeiba.com/horse/2015104223/
グローリーハンター,http://db.netkeiba.com/horse/2014105614/
クワイアーソウル,http://db.netkeiba.com/horse/2008104807/
クワイトファイン,http://db.netkeiba.com/horse/2010101069/
クワッドアクセル,http://db.netkeiba.com/horse/2012102222/
クワッドアーチ,http://db.netkeiba.com/horse/2013110121/
クワドループル,http://db.netkeiba.com/horse/2012101567/
クワトロガッツ,http://db.netkeiba.com/horse/2011103485/
クワトロダッシュ,http://db.netkeiba.com/horse/2015105191/
クンペル,http://db.netkeiba.com/horse/2012103316/
グーテンターク,http://db.netkeiba.com/horse/1982100676/
クードゥシャポー,http://db.netkeiba.com/horse/2014103939/
クートネイ,http://db.netkeiba.com/horse/2012102151/
クードラパン,http://db.netkeiba.com/horse/2013106160/
クードロア,http://db.netkeiba.com/horse/2015104402/
クーファエラン,http://db.netkeiba.com/horse/2015100162/
クーファディーヴァ,http://db.netkeiba.com/horse/2014110041/
クーペオブジェミニ,http://db.netkeiba.com/horse/2014103468/
クーリュ,http://db.netkeiba.com/horse/2014102016/
クーリールレーヴ,http://db.netkeiba.com/horse/2014101784/
クールアオイ,http://db.netkeiba.com/horse/2013101064/
クールエイジア,http://db.netkeiba.com/horse/2012106388/
クールエンゲージ,http://db.netkeiba.com/horse/2011106054/
クールオープニング,http://db.netkeiba.com/horse/2011105107/
クールキッズ,http://db.netkeiba.com/horse/2015102550/
クールキャスト,http://db.netkeiba.com/horse/2015102312/
クールギャング,http://db.netkeiba.com/horse/2014102282/
クールキング,http://db.netkeiba.com/horse/2015102304/
クールサマンサ,http://db.netkeiba.com/horse/2013106357/
クールジャイロ,http://db.netkeiba.com/horse/2011100495/
クールジョーカー,http://db.netkeiba.com/horse/2011102995/
クールスパート,http://db.netkeiba.com/horse/2015102784/
クールスマイル,http://db.netkeiba.com/horse/2015102852/
クールスモーキー,http://db.netkeiba.com/horse/2015102549/
クールゼファー,http://db.netkeiba.com/horse/2013110102/
クールデイズ,http://db.netkeiba.com/horse/2014101011/
クールデザイン,http://db.netkeiba.com/horse/2014105520/
クールテゾーロ,http://db.netkeiba.com/horse/2012106343/
クールビューティー,http://db.netkeiba.com/horse/1990107809/
クールファンタジー,http://db.netkeiba.com/horse/2014101020/
クールフォルム,http://db.netkeiba.com/horse/2013105267/
クールブルーズ,http://db.netkeiba.com/horse/2014101010/
クールマドカ,http://db.netkeiba.com/horse/2014101276/
クールミューオン,http://db.netkeiba.com/horse/2013103797/
クールモンスター,http://db.netkeiba.com/horse/2014100887/
クールリフレイン,http://db.netkeiba.com/horse/2015101378/
クールレオ,http://db.netkeiba.com/horse/2014103339/
クールロデオ,http://db.netkeiba.com/horse/2015102305/
クーロゼ,http://db.netkeiba.com/horse/2014105133/
